{"trainCnt":0,"matchCnt":0,"playCnt":0,"lastPlayTrainCnt":0,"lastPlayMatchCnt":0,"model":{"wt_in_hi":[[[0.1065358,0.0373926,-0.0192353,0.001104,-0.0443011,0.2320995,0.0788083,0.0021943,-0.1715022,-0.1381121,-0.0178067,0.1326069,-0.0756636,0.1588148,-0.0504467,-0.0089955],[-0.1436142,0.1702326,-0.1506892,0.1335996,-0.2076448,-0.1675159,0.163199,0.1261353,0.1095405,-0.0329142,0.208496,0.1156821,-0.0457449,-0.0282143,-0.0989913,-0.1149166],[-0.1114953,-0.0852303,0.1889408,-0.1945033,0.2037112,0.0671305,0.0598647,0.1575691,0.1528196,-0.191,0.1922292,0.215165,-0.2170279,-0.018332,-0.1409172,-0.0313497],[0.1801572,-0.1728743,-0.0085684,0.1998076,0.0982297,-0.1030629,0.0302715,-0.0827727,-0.1399885,-0.2007075,-0.0504659,-0.0295067,0.2053335,-0.0301626,-0.1283226,-0.0777985],[0.0807895,0.2009137,-0.1752032,-0.239755,-0.2311359,0.2069663,0.2284364,0.1083065,0.0025571,-0.1886166,0.2481954,0.1583269,0.0313023,-0.2088858,0.0412358,0.020693],[0.148523,-0.161159,-0.2103704,0.1713769,0.032139,0.0015472,0.2265841,-0.1267587,0.1720589,-0.0114986,-0.0387472,0.1131214,-0.2408592,-0.0658818,0.2482109,-0.2424954],[0.2252594,-0.0527334,-0.0589695,-0.1477943,-0.1200376,-0.1722986,-0.0773589,0.1242489,-0.1086627,0.1535769,0.2087846,0.2118365,0.1384309,-0.206378,0.0396869,-0.1409434],[0.0729315,0.0104662,0.1877642,-0.0271405,-0.1859475,0.0216944,0.2093895,0.1827547,0.1734541,0.2040917,0.1106713,-0.2143244,0.0710929,0.1775942,0.0983891,0.2115376],[0.075295,-0.0534332,0.0874235,0.1414358,0.056141,0.0544634,0.0249821,-0.0240438,-0.2003896,0.2053804,0.1287006,-0.2281085,0.0772645,0.2250882,0.1488511,-0.1622434],[0.2225978,0.2397943,0.0397225,0.1689331,-0.0250407,-0.0052687,0.0022619,-0.056131,-0.2295077,0.2131632,0.0838937,0.0373651,-0.1303985,-0.0377526,-0.2447017,0.1618765],[0.1383281,-0.1782542,0.233833,0.1068502,-0.0393235,0.2453639,-0.19924,0.1855611,-0.0918459,0.0956607,-0.1103659,0.0207166,0.2385972,-0.0609941,0.0162962,-0.1687098],[-0.0692658,-0.1278857,0.2296387,0.1961111,-0.2471304,0.0738376,0.0820601,-0.0385158,-0.0109134,-0.2399935,0.1380845,-0.2312287,-0.143963,0.2284777,-0.0851975,0.0780473],[0.0602642,0.1351416,-0.052715,0.027232,0.1754475,0.2397811,0.0446049,-0.2091213,0.1292835,0.0630026,0.0623472,0.1540407,-0.2466591,-0.0095779,-0.1953902,-0.2232259],[-0.1821015,-0.2229876,-0.1760886,0.1775224,-0.1065994,-0.2117678,-0.2067638,-0.1789013,-0.1046836,-0.1839984,-0.2120015,0.1910644,0.0011719,0.2198513,0.1288763,0.0492022],[-0.2463153,-0.2079442,0.0520719,0.0871893,-0.1430637,-0.2444095,-0.1782138,0.1346204,-0.0359278,0.1793996,0.0510274,0.1302132,0.1218191,-0.199524,0.1415661,-0.2015237],[-0.2147684,0.1069277,-0.0224342,0.184808,-0.2428224,0.2350286,-0.2160373,0.1845918,-0.102759,-0.173335,-0.1805043,0.2351033,-0.2254218,-0.1429349,0.0594738,0.2003706]]],"wt_hi_hi":[[[-0.0548121,0.2399804,-0.1173958,-0.1413241,-0.0859748,-0.0765022,0.0197609,-0.0698984,-0.0271356,-0.0054925,0.2322919,-0.0391716,-0.156756,0.0802255,-0.096192,0.0388787],[-0.1907932,-0.075838,-0.0028353,-0.1712184,-0.1033982,-0.1482385,0.1547385,0.0676866,-0.2084369,-0.1411991,-0.0497102,-0.210558,0.159769,-0.1112985,0.2016564,0.1198607],[-0.0649107,0.0850043,0.1250562,0.225525,-0.1611942,0.2432749,-0.2193391,-0.0170159,0.044127,-0.2135472,0.2016916,-0.0579932,0.1702747,-0.0585924,0.1076604,0.1194809],[-0.1584657,0.1541326,-0.1080715,-0.0778507,0.0303681,-0.0784208,0.1301258,-0.2082113,-0.1417702,-0.1502814,-0.0677359,-0.0463526,-0.1502117,0.0756905,-0.2470255,-0.2397326],[0.0702658,-0.2198799,0.052168,0.1959433,0.1901827,0.1910134,0.1040052,-0.2423808,-0.1598527,-0.0775877,-0.1235208,-0.2418526,0.2060437,-0.0028634,0.0621052,0.0470004],[0.0654561,0.0287101,0.0384673,0.0011096,-0.2401693,0.1189214,-0.2238204,0.0493004,0.1632146,0.2321333,-0.1583322,-0.2210722,-0.2181628,-0.1191254,0.0577069,-0.2432594],[0.2403189,-0.0335454,0.2181763,-0.1614602,-0.162812,-0.0906374,0.014814,-0.0222045,0.1403064,-0.2356335,-0.1741141,-0.0774502,-0.0576354,-0.0719677,-0.0897745,-0.186844],[-0.1671468,-0.1457176,-0.0852635,0.1158835,0.104133,0.2469673,0.0255894,-0.0725732,-0.1244056,0.1335152,-0.1006839,-0.0395752,-0.135579,-0.0607062,0.0261394,0.0627931],[-0.1087614,0.0846956,0.2444336,-0.058672,0.1060422,0.0579079,0.1879459,0.1968465,0.23043,0.0369603,-0.1858828,0.2257486,0.1037891,0.2019504,0.1703407,-0.2368278],[0.1402138,0.2022583,-0.1068902,-0.1013678,0.1123806,0.1817333,0.0149677,-0.0932615,-0.2157455,-0.030509,-0.0399031,-0.1493423,-0.2475136,-0.0455576,-0.2333083,-0.2447951],[0.1127927,0.0465087,0.1190523,-0.1769516,-0.202763,-0.2467548,0.0736237,-0.2269321,0.2188418,-0.0174931,0.2105162,-0.0708951,0.0861338,0.1150286,0.2392883,-0.2248331],[0.2113066,0.2093409,0.0739488,0.2011763,-0.0609113,0.2143636,-0.0834643,-0.1105703,0.196184,0.0753892,-0.1576849,-0.050829,0.0503497,-0.1551061,0.1219809,0.1915651],[0.0139376,0.1140523,0.0776802,-0.1720925,0.1300036,-0.1382501,0.1332473,-0.1748583,-0.1643335,0.1802161,0.1707559,-0.0089021,-0.0668713,0.2101023,0.075064,0.0735842],[0.0911209,-0.0608837,0.0486092,0.1012719,-0.1152733,-0.1107861,-0.1902683,0.1685064,0.116019,-0.186039,-0.0589373,0.1726516,-0.1138716,-0.205283,0.2354647,0.1881023],[-0.0313016,0.2144451,-0.1341851,0.0540399,0.1356665,0.2102544,0.1414095,0.1632307,0.137401,-0.1330293,0.1597994,-0.0797233,-0.215627,0.0758145,-0.1397962,0.2439683],[0.1273043,-0.1225341,0.1074715,-0.1012703,-0.1178864,0.1066456,-0.164133,-0.0994437,0.1815934,-0.1314683,0.2380849,-0.0194844,0.1840684,0.0696876,0.0812667,-0.2436197]],[[-0.1830729,0.1674758,-0.2100089,0.134347,0.2233467,-0.0806977,-0.0914233,0.0161495,-0.23217,-0.1252842,-0.0932582,0.2267434,-0.1031585,0.0976296,0.249786,0.0965865],[0.0913551,-0.1136231,-0.1455637,-0.1789571,0.0556328,-0.0211889,-0.0590214,0.1074591,-0.0690224,-0.20137,0.223712,0.2174407,0.1783028,0.1714206,-0.1606546,0.1771968],[-0.0292173,-0.1337547,0.1819504,0.1132089,-0.1400075,0.1544336,0.0986573,0.1055219,0.0347385,0.1698399,0.1916977,-0.043662,0.0071956,0.0553763,0.0117239,-0.0313131],[0.159649,0.1686117,0.2048497,-0.2488659,-0.1411872,-0.2117973,0.2376895,0.2061914,0.0148642,-0.162324,-0.0126884,-0.0428088,0.1405166,-0.1997809,-0.0426474,-0.0361741],[0.2050911,-0.0641582,-0.0461552,-0.1717751,0.1694757,-0.1319383,-0.0162461,-0.0430079,-0.1925408,0.0119099,0.2290673,-0.1877976,-0.0408503,0.1154014,0.0722716,-0.0483021],[-0.2323154,-0.0548714,-0.2307198,-0.0064815,-0.0994565,-0.116353,0.139651,-0.039145,0.1087908,0.060729,-0.0987738,0.1615291,0.1709918,0.1997469,-0.1259354,-0.114135],[0.1961008,0.0869081,0.1233431,0.0741146,0.0392273,0.0461799,0.095363,-0.0449565,-0.1145889,0.0966144,-0.107944,0.0755618,0.1967468,-0.04888,-0.1469328,0.1522626],[0.146713,0.2177278,0.1362687,0.070056,-0.1282578,-0.1191728,0.0664603,-0.1639625,-0.2257821,-0.1157909,-0.1750517,-0.0937298,0.0807815,-0.1659865,0.0350142,-0.1957355],[0.0722476,-0.0927809,-0.0742276,0.0371988,-0.1427569,-0.0065436,-0.1554908,0.2254448,-0.1398178,0.2112886,0.1535456,-0.0160455,0.0426803,-0.0840767,0.0854559,-0.021109],[-0.0416266,-0.1345532,0.106022,0.1876363,-0.0263706,0.0785883,0.0868282,0.1076047,-0.1199987,-0.0463314,0.2085265,-0.0823395,-0.0392789,-0.1058146,0.0814841,-0.241215],[-0.1736737,0.1822184,-0.1587504,0.1953177,-0.1296486,-0.0113284,0.1526767,0.0555086,0.151025,-0.0731696,0.1164249,0.0654701,0.2218802,0.197636,0.0430053,0.0961797],[-0.2237252,-0.1950718,-0.0011047,0.0368554,-0.1241458,-0.2141737,0.1309638,-0.0145974,0.1691335,-0.142336,-0.2125045,0.0591762,0.0166881,0.065402,-0.1166098,-0.1484446],[-0.2239808,0.0620505,-0.2379425,0.0921136,-0.0052864,0.1000021,-0.1417821,0.1218985,0.0038435,-0.2461242,0.0133962,-0.1637789,0.1555685,0.1656189,-0.0848098,-0.1216977],[0.0043927,0.0373314,0.1804054,0.0911704,-0.1845535,0.0842046,-0.1118417,0.246005,0.0652843,0.0856058,-0.0518678,-0.1458743,0.210614,0.0868287,0.2002843,0.0669025],[-0.1791497,-0.1199794,-0.2027744,-0.2293517,-0.2477118,0.2154116,-0.2204269,0.0295881,0.1547953,0.0710004,0.2232556,0.2009551,0.071094,-0.0431908,