{"trainCnt":1054,"matchCnt":525,"playCnt":1,"lastPlayTrainCnt":1054,"lastPlayMatchCnt":525,"model":{"wt_in_hi":[[[0.0795156823660146,0.04947002255842726],[0.03197898236601459,0.16986302255842703],[-0.008602317633985316,0.12484032255842709],[0.21700398236601434,0.11271962255842727],[0.06664558236601466,0.24322162255842678],[-0.0003730176339853727,0.09823852255842734],[0.2397091823660151,0.09436142255842735],[0.09525258236601471,0.03733862255842733],[0.14905328236601464,0.04389552255842733],[-0.0015175176339853377,0.08143302255842734],[0.10560178236601482,0.169308422558427],[0.10272748236601471,0.06624172255842736],[0.17224958236601465,0.08614152255842734],[0.18382298236601466,0.127872222558427],[0.1666103823660147,0.17659492255842701],[0.20768338236601466,0.207231622558427]]],"wt_hi_hi":[[[0.2873062142850235,0.6676038906394187],[0.42920971428502347,0.06331329063941944]],[[0.51323792299118,0.06434448193326381],[0.66933472299118,0.4970632819332643]],[[0.7127109935805335,0.24440011134390807],[0.18116109358053378,0.2059701113439081]]],"wt_hi_out":[[[0.3356076881301429,-0.09681316278859883,0.3329636430983751,0.5039464364845236],[0.34916468813014295,0.23346593721140116,0.4541393430983743,0.7158188364845233]]],"i_hid":[[0.33793872860491575,0.3347075855455537],[0.2394793477300592,0.24410303558232166],[0.28444533866048305,0.13574094482154206],[0.22629694172374692,0.09601849750776519]],"i_out":[[0.10982725237072673,0.000510170209970906,0.11610550309177595,0.18336439830180945]],"learningRate":0.01}}