{"trainCnt":0,"matchCnt":0,"playCnt":0,"lastPlayTrainCnt":0,"lastPlayMatchCnt":0,"model":{"wt_in_hi":[[[0.0886676,0.0503705],[0.0411309,0.1707635],[0.0005496,0.1257408],[0.2261559,0.1136201],[0.0757975,0.2441221],[0.0087789,0.099139],[0.2488611,0.0952619],[0.1044045,0.0382391],[0.1582052,0.044796],[0.0076344,0.0823335],[0.1147537,0.1702089],[0.1118794,0.0671422],[0.1814015,0.087042],[0.1929749,0.1287727],[0.1757623,0.1774954],[0.2168353,0.2081321]]],"wt_hi_hi":[[[0.2867968,0.6781657],[0.4287003,0.0738751]],[[0.5070815,0.0805533],[0.6631783,0.5132721]],[[0.671339,0.2958245],[0.1397891,0.2573945]]],"wt_hi_out":[[[0.5915272,0.3421658,0.1337679,0.0282961],[0.6050842,0.6724449,0.2549436,0.2401685]]],"i_hid":[],"i_out":[],"learningRate":0.01}}