{"trainCnt":3125,"matchCnt":1570,"playCnt":5,"lastPlayTrainCnt":null,"lastPlayMatchCnt":null,"model":{"wt_in_hi":[[[0.172056308158893,0.20990885700939904,0.26778106684267383,0.17846527138410387,0.11058994569778251,-0.039793057902253015,0.07084187814978538,0.11569406974316829,0.2154528335441779,0.055254026713543854,0.15182552608699287,0.22689216265820453,0.3110538498161369,-0.02896879044488843,0.18152677416480623,0.24548953579826327],[0.15188395714835168,0.010028388563636264,0.21858592204691357,0.22211429870691737,0.29474004256332903,0.14688004758410492,0.07421720860499444,0.05991479617749317,0.007485561613066138,0.027604460966257217,0.28276998751980464,0.03541169139688045,0.09265159046392728,0.1931511171048786,0.07938368323679672,0.19628208170925682],[0.03912368828125994,0.21695048594691801,0.006532725558575007,0.3009366945041167,0.18518680854841396,0.03069234630479044,0.07504116129300165,-0.03469481180207417,0.25766530446507174,0.16359973885382845,0.15798395121628991,0.12451702198766842,-0.03884989443089124,0.13814113874475803,0.04562198174867918,0.10598160656883313],[0.2070687280177244,0.12734026084634298,0.10599918312686794,0.04643588105896017,0.12312506317977492,0.289274280623096,0.11127097592579507,0.17690704770283117,0.012825590710665084,0.10547849910298046,0.18594506064422425,-0.00843700590688247,0.05340222237658094,0.031490410427231594,0.07502121351362577,0.13279559830729387],[0.2806846867621768,0.025094883349588988,0.1397495367767459,0.14917352286237576,0.1814331285177574,0.04843452096239298,0.2983150320268425,0.10546585707960385,0.10740017631266502,0.17631035480335266,0.2868503572838974,0.024650566552219408,0.30327069772955906,0.15985324055771793,0.30659257913464805,0.16929779507951392],[-0.01186823664438036,0.059052266930792255,0.1307699725246719,0.07246479423629157,0.20565951578265068,0.22285402661947076,0.17656764667022354,-0.02636037052423148,0.27606728277283654,0.16051497497858752,0.12398055936951605,0.08092437993119479,0.29853431464016567,0.09848731572574086,0.279800744866004,0.18604835190271768],[0.23025137414389601,-0.00108207612619128,0.22545320417154976,0.104399763591882,0.1236107378884558,0.1338445271280677,0.06920405647805873,0.25614889637819466,0.09117439506353439,0.0797306975382997,0.1751008766148766,-0.025074097794720307,0.2788622998654636,0.03360636284630575,0.004587704884487897,0.12891691622495366],[0.04817629948243184,0.18422464928698024,0.2565299345021332,0.28872057441826304,0.13310847095759548,-0.017853144433266976,0.09828519851170613,0.13590364415397727,0.1970213933636137,0.03542243195380405,0.18696882171093832,-0.03620365554977179,0.21002956899606778,0.1716429983542802,-0.023445794576414613,0.09785665501203997],[0.05135758524707095,0.0748941600197165,0.21371815275996808,0.03204885179164843,0.01076136639095549,0.060828182168770756,0.0606308760759355,0.2885531617035771,0.21939822150432173,-0.03707927668356507,0.0923061857410843,0.23139376659601532,0.18876493926198062,0.3066736450361625,0.2659354526602667,0.20087036518555834],[0.2721579438131884,0.15888226367909586,0.016169285336618554,0.26600939958694814,-0.003329792174277769,0.17888677738693562,0.023814740792022268,0.2938830238387517,0.2363125966128238,0.15160311713498964,0.032730037704719786,0.09434309975767459,0.10204842102990806,0.2428375224135122,0.2637610105263715,0.30185464959607805],[0.24639578702660403,0.1991942836261258,0.1398615853097115,0.01686764775286707,0.02672174406273131,0.2050922651287109,-0.007650335941792384,0.27698660680085657,0.10649025133860507,0.02833964632091797,0.18345438733680405,0.26796580241583184,0.129026872240263,0.004742008418376599,0.04848518738969772,-0.013712658518817032],[0.15899522454632514,0.05142604975352713,0.029903282139163646,0.25419889637809256,-0.014396372745084396,0.18426842482735986,0.283265413964031,0.11837414210073191,0.2970692766494243,0.18079383385609188,0.012753063740302684,0.22571075497930507,0.03661719385674051,0.04450052434322055,0.05881617855713647,0.28242751133252286],[0.02098961655909469,0.046918052857729514,0.16570945051012265,0.07180149247865814,0.04309290129348258,0.24060317707544218,0.22428274689284014,0.1713471454086022,0.1716757151292078,0.08745121652858082,0.24432473203318036,0.26730029710923003,0.2015063327612846,0.30767696321209786,0.03363260012636622,-0.03746587822313932],[0.006473464004391099,0.27629841042057013,0.031791716317760774,0.07357026800928704,0.28313187158242265,0.26042238339469304,-0.049882627312652035,-0.035347732922597484,0.08117313632818457,-0.027566185105557493,0.11859757292980909,0.13430729956610407,0.05559644535581875,0.018852830900048075,0.3092466525715261,0.1538216600836238],[0.09479366217872352,0.28225756642193667,0.26312005994629867,-0.040430271604535564,-0.018323490432918674,0.1337142507964719,0.1293682437855954,0.19579049342029864,0.04213174022632109,0.01327636291479479,0.2643461616184164,0.15642155682214773,0.22872462501610852,0.1846255209485993,0.1350808938717008,0.053677009737883946],[0.12998514883646511,0.08863402788199151,0.23080179648672577,-0.02095524201772077,0.24884404377828023,0.20574447674409566,0.18355640024711092,0.12201720084385778,-0.030823706601559874,0.04394171543274913,0.0458022444442608,-0.030587065058036135,0.30558931601151773,0.32371236196410663,0.05334028812043648,-0.03278180810827305]]],