{"trainCnt":2500,"matchCnt":1264,"playCnt":4,"lastPlayTrainCnt":null,"lastPlayMatchCnt":null,"model":{"wt_in_hi":[[[0.17207662923711348,0.2115557508896494,0.26843281210086345,0.1774873968507834,0.11160868592421323,-0.03999304952475034,0.07131702102358774,0.11648996250307417,0.21618532461670173,0.05514016116176573,0.15208188469309314,0.22687842895102564,0.31179961789005584,-0.027989617215379896,0.18135768572094166,0.24521100887713881],[0.15190427822657215,0.011675282443886508,0.2192376673051026,0.2211364241735969,0.2957587827897598,0.14668005596160746,0.0746923514787968,0.060710688937398886,0.008218052685590333,0.027490595414479076,0.2830263461259049,0.03539795768970146,0.09339735853784603,0.19413029033438725,0.07921459479293211,0.19600355478813236],[0.0391440093594808,0.21859737982716834,0.007184470816764181,0.29995881997079626,0.18620554877484458,0.030492354682293134,0.07551630416680401,-0.033898919042168456,0.2583977955375964,0.16348587330205,0.15824030982239018,0.12450328828048927,-0.038104126356972544,0.1391203119742667,0.04545289330481472,0.1057030796477094],[0.2070890490959449,0.1289871547265933,0.10665092838505712,0.045458006525639374,0.12414380340620561,0.2890742890005986,0.11174611879959744,0.17770294046273702,0.013558081783189282,0.10536463355120235,0.18620141925032452,-0.008450739614061554,0.05414799045049964,0.03246958365674013,0.07485212506976116,0.13251707138616942],[0.2807050078403969,0.026741777229839205,0.14040128203493493,0.1481956483290553,0.182451868744188,0.04823452933989565,0.29879017490064547,0.10626174983950973,0.10813266738518933,0.17619648925157422,0.28710671588999764,0.024636832845040348,0.304016465803478,0.1608324137872266,0.3064234906907836,0.16901926815838947],[-0.011847915566159616,0.060699160811042506,0.13142171778286094,0.07148691970297062,0.2066782560090813,0.2226540349969733,0.17704278954402577,-0.02556447776432568,0.2767997738453612,0.16040110942680907,0.12423691797561644,0.08091064622401563,0.2992800827140846,0.09946648895524945,0.27963165642213955,0.18576982498159322],[0.2302716952221165,0.0005648177540589509,0.2261049494297388,0.10342188905856105,0.1246294781148866,0.13364453550557023,0.06967919935186109,0.2569447891381006,0.0919068861360587,0.07961683198652159,0.17535723522097688,-0.025087831501899367,0.2796080679393826,0.03458553607581426,0.004418616440623402,0.1286383893038292],[0.0481966205606527,0.18587154316723056,0.2571816797603228,0.2877426998849426,0.1341272111840261,-0.018053136055764266,0.09876034138550849,0.13669953691388312,0.19775388443613753,0.035308566402025926,0.18722518031703858,-0.036217389256950776,0.2107753370699866,0.17262217158378887,-0.023614883020279143,0.09757812809091625],[0.05137790632529181,0.07654105389996678,0.21436989801815712,0.03107097725832763,0.01178010661738614,0.06062819054627344,0.06110601894973781,0.289349054463483,0.22013071257684555,-0.03719314223534319,0.09256254434718474,0.23138003288883643,0.18951070733589945,0.3076528182656701,0.26576636421640226,0.20059183826443389],[0.27217826489140856,0.16052915755934621,0.016821030594807745,0.2650315250536277,-0.002311051947847086,0.17868678576443817,0.02428988366582455,0.29467891659865764,0.23704508768534763,0.1514892515832112,0.032986396310819975,0.09432936605049543,0.10279418910382683,0.24381669564302086,0.2635919220825071,0.3015761226749552],[0.2464161081048245,0.20084117750637612,0.14051333056790052,0.015889773219546287,0.027740484289162013,0.20489227350621345,-0.007175193067990098,0.2777824995607625,0.10722274241112938,0.028225780769139827,0.18371074594290432,0.26795206870865274,0.12977264031418181,0.005721181647885137,0.04831609894583326,-0.013991185439940783],[0.15901554562454562,0.05307294363377738,0.03055502739735283,0.25322102184477213,-0.013377632518653745,0.1840684332048624,0.28374055683783395,0.11917003486063779,0.29780176772194894,0.18067996830431343,0.01300942234640295,0.22569702127212618,0.03736296193065921,0.04547969757272906,0.058647090113272016,0.2821489844114],[0.021009937637315384,0.048564946737979765,0.16636119576831168,0.07082361794533719,0.044111641519913335,0.24040318545294473,0.22475788976664238,0.17214303816850804,0.1724082062017316,0.0873373509768027,0.24458109063928063,0.2672865634020509,0.20225210083520342,0.3086561364416055,0.033463511682501765,-0.03774440514426308],[0.006493785082611862,0.27794530430082004,0.03244346157594987,0.07259239347596609,0.2841506118088534,0.26022239177219564,-0.049407484438849764,-0.03455184016269177,0.08190562740070889,-0.027680050657335635,0.11885393153590952,0.13429356585892518,0.05634221342973745,0.01983200412955661,0.3090775641276617,0.15354313316249935],[0.09481398325694426,0.2839044603021866,0.2637718052044883,-0.04140814613785636,-0.01730475020648797,0.13351425917397444,0.12984338665939762,0.1965863861802045,0.04286423129884532,0.013162497363016652,0.2646025202245167,0.15640782311496884,0.22947039309002734,0.18560469417810796,0.13491180542783623,0.053398482816760184],[0.1300054699146856,0.0902809217622418,0.2314535417449148,-0.021933116551041555,0.2498627840047111,0.2055444851215982,0.18403154312091316,0.12281309360376366,-0.030091215529035726,0.04382784988097101,0.04605860305036099,-0.030600798765215195,0.3063350840854367,0.32469153519361427,0.05317119967657202,-0.033060335029396815]]],