{"trainCnt":3934,"matchCnt":2118,"playCnt":5,"lastPlayTrainCnt":null,"lastPlayMatchCnt":null,"model":{"wt_in_hi":[[[0.11894725178573647,0.013803377726386302,0.21021440918005932,0.05645438722592428,0.043683420840617215,0.20207617470218986,0.08155162494885347,0.17570047680065365,0.11457669252318495,0.0673119362082991,0.1948497315280816,0.07076805663170005,0.07778535001665991,-0.0012289749335965433,0.028817077483750567,0.06573504087440953],[0.1882300517857361,0.05465867772638612,0.05346270918005893,0.14395858722592486,0.050610620840617196,0.13047627470218987,0.01722292494885361,0.007436876800653042,0.20176189252318505,-0.013690263791700866,-0.017635068471917988,0.029616756631700217,0.21471775001666052,0.1994897250664034,0.1215686774837505,0.17428104087440924],[0.11783345178573647,0.08254827772638598,0.08713990918005855,0.021763587225924072,-0.02332727915938296,0.07163547470218971,0.08723362494885349,0.018432476800653106,0.0351817925231854,0.09485263620829905,0.21902363152808163,0.13861185663170011,0.13719905001666052,0.10494562506640363,0.06372247748375041,0.04305564087440935],[-0.015020148214263921,0.17509867772638688,0.07319140918005855,0.20600268722592485,0.13513382084061687,0.1888653747021899,0.0318762249488534,0.19910947680065363,0.03398559252318541,0.10948513620829901,0.15365833152808162,0.008550356631700163,0.0860046500166599,0.15929652506640338,0.12551607748375018,0.10290944087440955],[0.04131615178573615,0.19601607772638688,0.0044433091800588215,0.21718348722592484,0.20577632084061687,0.07569087470218973,0.058834724948853466,0.06342417680065247,-0.011892307476814735,0.19843923620829912,0.0065114315280821004,0.08989095663170005,0.05606875001665997,0.03527772506640345,0.1411093774837502,0.039875440874409356],[0.1715548517857361,0.0395136777263861,0.05191680918005893,0.20831248722592483,0.15442982084061685,0.06467987470218974,0.018769924948853604,0.19717767680065365,0.08865519252318495,0.08971123620829909,0.00796253152808206,0.03742255663170035,0.03954815001665995,0.2107431250664034,0.07283977748375041,0.061520740874409306],[0.17490545178573608,0.1234097777263861,0.06687070918005854,0.21121408722592483,0.07361262084061689,0.18932747470218986,0.08952942494885348,0.03918947680065309,0.2166819925231851,0.16047603620829914,0.08520073152808216,0.08045945663170007,0.01611155001665991,0.22280582506640337,0.057693577483750806,0.15298194087440922],[0.0885486517857364,0.08272607772638597,0.2140380091800593,0.0031046872259241996,0.033700220840617176,-0.009687425297810819,0.17231982494885373,0.11551997680065242,0.12716879252318508,0.023006336208299224,-0.021579568471917977,0.11927425663170008,0.12859335001666053,0.14139902506640337,-0.016523622516249465,0.19366504087440925],[0.0646657517857364,0.20476067772638687,0.11584060918005858,0.00845808722592417,0.20073212084061687,-0.010767025297810822,0.18280412494885373,0.11784537680065234,0.06734509252318495,0.19708683620829914,0.1078759315280822,-0.00611024336829978,0.1482369500166605,0.04038872506640344,0.20067947748375015,0.14545764087440924],[-0.025047448214263846,0.08050927772638598,0.17883490918005931,0.011368387225924209,0.13540952084061686,0.06509977470218974,-0.008006675051146512,0.06456597680065247,0.15536199252318506,0.021351236208299217,-0.024778568471917985,0.08401235663170006,0.16553305001666055,0.20160692506640338,0.022121377483750575,0.0012767408744093372],[-0.010072548214263915,0.12930907772638686,0.1637845091800593,0.15158708722592484,0.008061520840617066,0.07094307470218973,0.11845322494885345,0.07914767680065248,0.20242969252318505,0.0785240362082991,0.17209813152808162,0.16753775663170012,0.10169675001665988,0.2212110250664034,0.21551697748375015,0.19097284087440922],[0.1358765517857361,0.07099497772638598,0.053775909180058916,0.16323078722592482,0.08120142084061689,0.09308527470218966,0.19772832494885373,0.21189297680065364,0.111700292523185,0.1733258362082991,0.16456993152808164,0.09575365663170007,0.0956847500166599,0.17597232506640337,0.17656737748375018,0.03138024087440937],[0.1593622517857361,0.19266337772638686,0.07260570918005856,0.1033368872259241,0.04227942084061723,-0.028396125297810833,0.07816442494885349,0.14300057680065364,0.19621569252318505,0.18333353620829912,0.050833431528082056,-0.012263743368299836,0.17404895001666051,0.22306662506640337,0.15582577748375015,0.19525844087440922],[0.08027715178573641,0.0444429777263861,0.09344470918005855,0.14251628722592485,0.19422722084061683,0.03409587470218928,0.013165124948853477,0.18090347680065363,-0.013177807476814733,0.04322123620829908,0.10656893152808222,0.07543055663170006,0.13678865001666055,0.19362842506640338,0.16698957748375015,0.09096004087440952],[-0.001823248214263862,0.032046977726386094,0.05687390918005896,0.08877018722592409,0.15755752084061686,0.09092277470218967,0.042424824948853405,0.12948087680065365,0.19108919252318507,0.0825122362082991,0.1571790315280816,0.0076351566317001815,0.16699835001666055,0.038165525066403444,0.12711177748375013,0.003235040874409334],[-0.025124548214263843,0.15910037772638685,0.07123200918005855,0.01525308722592418,0.14886172084061683,-0.010657725297810823,0.06011602494885348,0.0138242768006531,0.1838760925231851,0.12934663620829912,0.07902403152808218,0.1689823566317001,0.12980765001666053,0.0780808250664037,0.02320617748375058,0.13402094087440922]]],