{"trainCnt":995,"matchCnt":552,"playCnt":2,"lastPlayTrainCnt":null,"lastPlayMatchCnt":null,"model":{"wt_in_hi":[[[0.11755045510407414,0.01291751227319815,0.21001395683907179,0.05426195638277301,0.042066551114991364,0.20089484840193342,0.0816428570728837,0.1773457671340639,0.1134874789818441,0.06921660626261336,0.1940620467549121,0.0708332436212066,0.07903885088815682,-0.0010395258442653815,0.028569547662816722,0.0643100805232487],[0.1868332551040737,0.05377281227319818,0.053262256839071355,0.14176615638277293,0.048993751114991345,0.12929494840193342,0.01731415707288369,0.009082167134063596,0.20067267898184457,-0.011785593737386505,-0.01842275324508809,0.029681943621206776,0.21597125088815722,0.19967917415573455,0.12132114766281694,0.17285608052324902],[0.11643665510407414,0.0816624122731979,0.08693945683907119,0.019571156382772896,-0.024944148885008732,0.07045414840193351,0.08732485707288372,0.020077767134063625,0.03409257898184436,0.09675730626261332,0.2182359467549121,0.1386770436212065,0.13845255088815722,0.10513507415573468,0.06347494766281686,0.04163068052324878],[-0.016416944895926096,0.17421281227319865,0.07299095683907118,0.20381025638277292,0.13351695111499112,0.18768404840193342,0.031967457072883655,0.20075476713406387,0.03289637898184437,0.11138980626261327,0.1528706467549121,0.008615543621206704,0.0872581508881568,0.15948597415573454,0.12526854766281662,0.10148448052324872],[0.03991935510407395,0.19513021227319866,0.004242856839071292,0.2149910563827729,0.20415945111499112,0.07450954840193352,0.05892595707288372,0.06506946713406343,-0.012981521018155664,0.20034390626261342,0.005723746754911906,0.0899561436212066,0.057322250888156845,0.03546717415573462,0.14086184766281665,0.03845048052324878],[0.1701580551040737,0.03862781227319816,0.05171635683907135,0.2061200563827729,0.1528129511149911,0.06349854840193353,0.01886115707288368,0.1988229671340639,0.0875659789818441,0.09161590626261336,0.007174846754911919,0.03748774362120691,0.04080165088815682,0.21093257415573455,0.07259224766281686,0.06009578052324874],[0.17350865510407368,0.12252391227319802,0.06667025683907117,0.2090216563827729,0.07199575111499139,0.18814614840193342,0.0896206570728837,0.0408347671340636,0.2155927789818446,0.16238070626261342,0.08441304675491199,0.08052464362120662,0.017365050888156923,0.22299527415573453,0.05744604766281677,0.151556980523249],[0.08715185510407407,0.08184021227319789,0.21383755683907177,0.0009122563827729526,0.032083351114991325,-0.01086875159806674,0.17241105707288346,0.11716526713406338,0.12607957898184458,0.0249110062626135,-0.022367253245088085,0.11933944362120663,0.12984685088815723,0.14158847415573453,-0.016771152337183317,0.192240080523249],[0.06326895510407407,0.20387481227319865,0.11564015683907121,0.006265656382772951,0.19911525111499112,-0.011948351598066743,0.18289535707288346,0.1194906671340633,0.0662558789818441,0.19899150626261342,0.10708824675491202,-0.006045056378793271,0.1494904508881572,0.040578174155734614,0.2004319476628166,0.14403268052324902],[-0.026444244895926033,0.0796234122731979,0.17863445683907178,0.00917595638277296,0.1337926511149911,0.06391844840193353,-0.007915442927116304,0.06621126713406343,0.15427277898184458,0.023255906262613497,-0.025566253245088093,0.08407754362120662,0.16678655088815725,0.20179637415573454,0.02187384766281673,-0.0001482194767512115],[-0.011469344895926091,0.12842321227319864,0.16358405683907176,0.1493946563827729,0.006444651114991309,0.06976174840193353,0.11854445707288368,0.08079296713406343,0.20134047898184457,0.08042870626261336,0.1713104467549121,0.1676029436212065,0.10295025088815679,0.22140047415573455,0.2152694476628166,0.189547880523249],[0.1344797551040737,0.0701091122731979,0.05357545683907134,0.1610383563827729,0.0795845511149914,0.09190394840193346,0.19781955707288346,0.21353826713406387,0.11061107898184415,0.1752305062626134,0.1637822467549121,0.09581884362120663,0.0969382508881568,0.17616177415573453,0.17631984766281664,0.029955280523248872],[0.1579654551040737,0.19177751227319864,0.07240525683907119,0.10114445638277327,0.040662551114991376,-0.02957745159806671,0.07825565707288372,0.14464586713406388,0.19512647898184457,0.18523820626261342,0.05004574675491198,-0.012198556378793295,0.1753024508881572,0.22325607415573454,0.1555782476628166,0.193833480523249],[0.07888035510407408,0.04355711227319816,0.09324425683907119,0.14032385638277292,0.19261035111499109,0.032914548401933155,0.013256357072883699,0.18254876713406387,-0.014267021018155662,0.045125906262613494,0.10578124675491204,0.07549574362120662,0.13804215088815724,0.19381787415573454,0.1667420476628166,0.0895350805232487],[-0.0032200448959260742,0.03116111227319816,0.056673456839071386,0.08657775638277324,0.1559406511149911,0.08974144840193346,0.04251605707288366,0.1311261671340639,0.1899999789818446,0.08441690626261336,0.1563913467549121,0.007700343621206711,0.16825185088815725,0.03835497415573462,0.1268642476628166,0.0018100805232487856],[-0.026521344895926034,0.15821451227319863,0.07103155683907118,0.01306065638277294,0.14724485111499108,-0.011839051598066743,0.06020725707288374,0.01546956713406362,0.1827868789818446,0.13125130626261342,0.078236346754912,0.1690475436212065,0.13106115088815723,0.07827027415573475,0.022958647662816734,0.132595980523249]]],