{"trainCnt":2183,"matchCnt":1089,"playCnt":3,"lastPlayTrainCnt":null,"lastPlayMatchCnt":null,"model":{"wt_in_hi":[[[0.17181318585577043,0.21245692342926079,0.2683883750354374,0.17726572381265127,0.11071465420313122,-0.04129455050695052,0.07070808935081094,0.11658760703750344,0.21738355327094908,0.05567452334199018,0.15261609329327983,0.2270752396637123,0.31074383934482713,-0.02707296593500033,0.18170878938921606,0.2449315250125092],[0.1516408348452291,0.012576454983497937,0.2191932302396761,0.22091475113546477,0.2948647510686778,0.1453785549794075,0.07408341980602,0.060808333471828215,0.009416281339837768,0.028024957594703533,0.2835605547260912,0.03559476840238787,0.09234157999261704,0.1950469416147668,0.07956569846120652,0.19572407092350275],[0.03888056597813776,0.21949855236677973,0.007140033751337562,0.2997371469326646,0.1853115170537626,0.029190853700092955,0.07490737249402721,-0.03380127450773913,0.2595960241918442,0.1640202354822741,0.15877451842257687,0.12470009899317581,-0.03915990490220151,0.14003696325464624,0.045803996973088984,0.10542359578307967],[0.20682560571460185,0.1298883272662047,0.10660649131963043,0.045236333487507434,0.12324977168512356,0.2877727880183979,0.11113718712682064,0.1778005849971666,0.014756310437436717,0.10589899573142691,0.1867356278505112,-0.008253928901375187,0.05309221190527067,0.033386234937119744,0.07520322873803557,0.1322375875215398],[0.2804415644590538,0.02764294976945059,0.14035684496950843,0.14797397529092313,0.18155783702310604,0.04693302835769547,0.2981812432278683,0.106359394373939,0.1093308960394369,0.1767308514317983,0.28764092449018397,0.024833643557726725,0.3029606872582493,0.1617490650676061,0.3067745943590583,0.16873978429375985],[-0.012111358947502631,0.06160033335065393,0.13137728071743443,0.07126524666483877,0.2057842242879993,0.22135253401477334,0.17643385787124885,-0.025466833229896433,0.277998002499609,0.16093547160703317,0.12477112657580304,0.081107456936702,0.2982243041688559,0.10038314023562905,0.27998276009041423,0.1854903411169636],[0.23000825184077345,0.0014659902936703586,0.2260605123643123,0.1032002160204292,0.1237354463938046,0.13234303452337026,0.0690702676790843,0.2570424336725298,0.09310511479030627,0.08015119416674615,0.17589144382116356,-0.02489102078921299,0.2785522893941539,0.03550218735619387,0.004769720108897731,0.1283589054391996],[0.04793317717930966,0.18677271570684195,0.25713724269489674,0.28752102684681097,0.13323317946294413,-0.019354637037964414,0.09815140971273169,0.1367971814483127,0.19895211309038488,0.035842928582250376,0.18775938891722527,-0.03602057854426437,0.20971955852475777,0.1735388228641684,-0.023263779352004795,0.09729864422628651],[0.051114462943948766,0.07744222643957822,0.2143254609527306,0.030849304220195682,0.010886074896304165,0.05932668956407326,0.06049708727696103,0.28944669899791226,0.2213289412310929,-0.03665878005511874,0.09309675294737137,0.23157684360152309,0.1884549287906706,0.30856946954604936,0.26611746788467694,0.20031235439980427],[0.27191482151006546,0.1614303300989576,0.016776593529381115,0.26480985201549606,-0.0032050836689290606,0.1773852847822382,0.02368095199304774,0.29477656113308687,0.23824331633959497,0.1520236137634353,0.033520604911006675,0.0945261767631818,0.10173841055859784,0.2447333469234004,0.26394302575078177,0.30129663881032553],[0.24615266472348146,0.2017423500459875,0.14046889350247402,0.015668100181414377,0.026846452568080055,0.20359077252401347,-0.007784124740766915,0.27788014409519174,0.10842097106537694,0.028760142949364284,0.184244954543091,0.2681488794213388,0.12871686176895297,0.0066378329282646975,0.04866720261410752,-0.014270669304570447],[0.15875210224320258,0.05397411617338881,0.030510590331926178,0.2529993488066405,-0.01427166423973572,0.18276693222266244,0.2831316251650568,0.11926767939506706,0.29899999637619673,0.18121433048453753,0.013543630946589573,0.22589383198481283,0.03630718338543024,0.04639634885310867,0.058998193781546276,0.28186950054677035],[0.02074649425597237,0.049466119277591196,0.16631675870288518,0.07060194490720534,0.043217609798831345,0.23910168447074473,0.22414895809386545,0.17224068270293763,0.17360643485597896,0.08787171315702727,0.24511529923946732,0.267483374114737,0.20119632228997458,0.30957278772198477,0.033814615350776026,-0.03802388900889271],[0.006230341701268843,0.27884647684043146,0.032399024510523206,0.07237072043783424,0.28325658008777144,0.2589208907899949,-0.050016416111626605,-0.03445419562826244,0.08310385605495646,-0.027145688477111178,0.11938814013609615,0.13449037657161184,0.05528643488450848,0.020748655409936173,0.30942866779593636,0.15326364929786973],[0.09455053987560122,0.284805632841798,0.2637273681390622,-0.0416298191759883,-0.018198781927569928,0.13221275819177447,0.1292344549866207,0.19668403071463408,0.04406245995309274,0.01369685954324112,0.265136728824703,0.1566046338276555,0.2284146145447985,0.1865213454584875,0.13526290909611063,0.053118998952130556],[0.12974202653334255,0.09118209430185324,0.2314091046794883,-0.022154789589173465,0.2489687522836292,0.20424298413939823,0.18342261144813624,0.12291073813819293,-0.028892986874788286,0.044362212061195457,0.04659281165054768,-0.030403988052528818,0.305279305540208,0.32560818647399353,0.053522303344846284,-0.03333981889402644]]],