{"trainCnt":2794,"matchCnt":1397,"playCnt":2,"lastPlayTrainCnt":null,"lastPlayMatchCnt":null,"model":{"wt_in_hi":[[[0.023164032394059998,-0.016612331752041076,0.1643079589101345,0.002208117125026653,0.08673134676670574,0.11535868748106892,0.10405055865340351,0.17235573910980936,0.20630620803842567,0.21418764707579194,0.17704218209777195,0.015086657560168007,0.08237855222474336,0.01323847373299169,0.21380764984960599,0.1719951331115991],[0.013038332394060017,0.1556856682479591,-0.0017421410898650297,0.09164641712502677,0.09020244676670575,-0.015867412518930937,0.006601958653403149,0.13290553910980937,0.15089470803842567,0.14922484707579195,0.09523298209777128,0.05355225756016798,0.12076485222474337,0.05770687373299175,-0.003362150150394667,0.11333873311159992],[0.023505732394059998,0.10811806824795886,0.2031753589101345,0.09470251712502677,-0.006507853233294344,0.1894544874810687,0.17969375865340403,0.02531403910980882,0.0744921080384254,0.03935754707579188,0.13473588209777193,0.10896355756016843,0.09889935222474336,0.18397917373299189,0.12762794984960601,0.01564293311159932],[0.02119273239405998,0.013172168247958903,0.030452358910135056,0.1585364171250269,0.1515375467667061,0.09001658748106893,0.07598775865340349,0.012337639109808894,-0.023010191961574538,0.13185484707579195,0.18772968209777194,0.0731877575601684,0.09258115222474336,0.18374807373299187,-0.019376250150394726,0.1294902331115991],[-0.013035167605939993,0.16670986824795908,0.1963027589101345,0.2096641171250269,0.05956454676670561,0.07187038748106893,0.0858015586534035,0.1393384391098094,0.004401308038425464,0.17626184707579196,0.11034898209777132,0.05632615756016797,0.09186765222474336,0.08718607373299161,0.20928014984960602,0.09763233311159994],[0.1064992323940601,0.1479091682479591,0.1259676589101345,0.2197931171250269,0.2053894467667061,0.048805487481069026,0.17479775865340405,0.002480339109808838,0.17803110803842567,0.20876624707579194,0.04746178209777142,0.030581057560168108,0.08658505222474336,0.1378793737329919,-0.0231013501503947,0.04847303311159927],[-0.004215767605940045,0.1921854682479591,0.1614915589101345,0.2192643171250269,0.08275084676670574,-0.015797912518930927,0.007991158653403137,0.11506053910980889,0.17000800803842567,0.07699544707579219,0.13615358209777195,0.024715657560168077,0.21135885222474413,0.1833799737329919,0.14296984984960598,0.1768293331115991],[0.11809823239406013,0.014501168247958928,0.012382658910134988,0.23446591712502687,0.010541946766705676,0.1348490874810687,0.11400155865340351,0.1341958391098094,0.08921480803842541,0.08822314707579217,0.15668938209777195,-0.011750842439832005,0.16558215222474412,0.09718027373299164,0.0738739498496051,0.1625662331115991],[0.19688033239406041,0.1972010682479591,0.15982875891013454,0.03154381712502663,0.10532664676670572,0.15687018748106868,0.04688385865340297,0.10401053910980886,0.20956660803842567,0.16989334707579196,0.012443982097771252,0.1692120575601681,0.008429252224743257,0.15996097373299187,0.129005349849606,0.0649158331115999],[0.1999301323940604,-0.025741031752041066,0.07567575891013498,0.1637410171250269,0.07408314676670574,0.1265684874810687,0.0755580586534035,-0.0019415608901911668,0.031799408038425486,0.13032814707579196,0.14356938209777195,0.1952187575601681,0.07874155222474336,0.044743273732991744,0.21884724984960602,0.030386533111599407],[0.0957222323940601,-0.0017229317520410768,-0.010708241089865024,0.2141678171250269,0.0056904467667056495,0.2060342874810687,0.09739535865340347,0.09336463910980879,0.09739630803842539,0.08778704707579217,0.16422468209777194,0.07967425756016841,0.11375545222474334,0.14671937373299188,0.037197049849605285,-0.02001356688840065],[0.1512441323940604,0.10195066824795887,0.09499955891013498,0.1276029171250269,0.1656945467667061,0.20566878748106868,0.012543458653403129,0.1749225391098094,0.12782340803842565,0.19118694707579195,-0.007966017902228778,0.1042431575601684,-0.018664347775256745,0.01753707373299172,0.13371294984960602,0.07490993311159991],[-0.013337967605939995,0.023217968247958964,0.12076535891013487,0.08978921712502677,-0.006315453233294345,-0.026809912518930896,0.14086265865340405,0.17568373910980936,0.05517310803842558,0.21920644707579195,0.17288928209777193,0.1664735575601681,0.021728552224743215,0.05140707373299177,0.19505674984960603,0.1636140331115991],[0.1381750323940604,0.1725487682479591,0.1703676589101345,0.1603105171250269,0.1354627467667061,0.13558808748106868,0.03839045865340297,0.12877083910980938,0.026222708038425413,0.15201734707579195,0.05028148209777141,0.06529115756016841,0.11371755222474333,0.13652727373299187,0.202875949849606,0.10542713311159993],[0.20206613239406038,0.09587266824795888,0.16165445891013452,0.025402017125026658,0.22529314676670611,0.1425611874810687,0.11726905865340354,0.19094563910980936,0.15552020803842567,0.19905514707579194,0.04312338209777144,0.1668411575601681,0.08143075222474336,0.19316987373299188,0.0811410498496051,0.05410933311159925],[-0.017916167605940028,0.17965936824795908,0.1578852589101345,0.17389021712502686,0.14640754676670611,0.21188858748106867,0.06222015865340346,0.2055027391098094,0.031359608038425524,0.17435174707579196,0.14593638209777193,0.10640265756016841,0.18136175222474413,0.05483187373299173,0.08196084984960511,0.1409386331115991]]],