{"trainCnt":3078,"matchCnt":1654,"playCnt":4,"lastPlayTrainCnt":null,"lastPlayMatchCnt":null,"model":{"wt_in_hi":[[[0.11806863953596991,0.013140569334602179,0.20972815188409744,0.05511591219175486,0.04262264603369904,0.20119571200901334,0.08128967152790516,0.17592971717844563,0.11351363541343482,0.06756704400663267,0.19412895539034325,0.07060771724319842,0.07774929508707638,-0.0013580710013733365,0.028442420222365053,0.06511959175759058],[0.18735143953596983,0.05399586933460199,0.05297645188409711,0.14262011219175502,0.04954984603369902,0.12959581200901335,0.016960971527905207,0.0076661171784451155,0.20069883541343478,-0.013435155993367254,-0.018355844609656363,0.029456417243198578,0.21468169508707718,0.19936062899862655,0.12119402022236506,0.17366559175759025],[0.11695483953596991,0.08188546933460193,0.08665365188409677,0.020425112191754552,-0.02438805396630109,0.07075501200901327,0.08697167152790518,0.01866171717844519,0.03411873541343527,0.09510774400663262,0.21830285539034325,0.1384515172431984,0.1371629950870772,0.10481652899862678,0.06334782022236497,0.04244019175759036],[-0.015898760464030423,0.17443586933460292,0.07270515188409676,0.204664212191755,0.13407304603369924,0.18798491200901338,0.03161427152790494,0.19933871717844562,0.032922535413435275,0.10974024400663258,0.15293755539034326,0.008390017243198513,0.08596859508707637,0.15916742899862654,0.1251414202223651,0.1022939917575906],[0.04043753953596973,0.19535326933460292,0.003957051884096988,0.215845012191755,0.20471554603369924,0.07481041200901328,0.05857277152790501,0.0636534171784447,-0.012955364586564934,0.19869434400663266,0.005790655390343643,0.08973061724319842,0.05603269508707636,0.03514862899862674,0.1407347202223651,0.039259991757590366],[0.17067623953596983,0.03885086933460197,0.051430551884097106,0.20697401219175499,0.15336904603369922,0.06379941200901329,0.0185079715279052,0.19740691717844563,0.08759213541343482,0.08996634400663266,0.007241755390343605,0.0372622172431987,0.039512095087076336,0.21061402899862655,0.07246512022236497,0.06090529175759032],[0.1740268395359698,0.12274696933460205,0.06638445188409675,0.209875612191755,0.07255184603369876,0.18844701200901334,0.08926747152790517,0.03941871717844503,0.21561893541343483,0.16073114400663266,0.0844799553903436,0.08029911724319844,0.01607549508707645,0.22267672899862653,0.05731892022236519,0.15236649175759023],[0.08767003953596984,0.08206326933460192,0.21355175188409742,0.00176621219175466,0.032639446033699,-0.010567887990987207,0.17205787152790528,0.11574921717844464,0.1261057354134348,0.02326144400663284,-0.022300344609656346,0.11911391724319845,0.1285572950870772,0.14126992899862653,-0.016898279777634938,0.19304959175759026],[0.06378713953596984,0.20409786933460292,0.11535435188409679,0.0071196121917546365,0.19967134603369924,-0.01164748799098721,0.18254217152790528,0.11807461717844456,0.06628203541343482,0.19734194400663266,0.10715515539034363,-0.006270582756801451,0.14820089508707718,0.04025962899862673,0.20030482022236507,0.14484219175759025],[-0.02592606046403035,0.07984646933460193,0.17834865188409743,0.010029912191754675,0.13434874603369923,0.06421931200901329,-0.008268628472094893,0.06479521717844469,0.15429893541343478,0.021606344006632833,-0.025499344609656353,0.08385201724319843,0.16549699508707721,0.20147782899862654,0.02174672022236506,0.0006612917575903953],[-0.010951160464030415,0.1286462693346029,0.1632982518840974,0.150248612191755,0.007000746033698974,0.07006261200901329,0.11819127152790514,0.0793769171784447,0.20136663541343477,0.07877914400663268,0.17137735539034327,0.1673774172431984,0.10166069508707636,0.22108192899862655,0.21514232022236507,0.19035739175759023],[0.13499793953596984,0.07033216933460193,0.053289651884097095,0.16189231219175498,0.08014064603369876,0.09220481200901322,0.19746637152790528,0.21212221717844562,0.11063723541343487,0.17358094400663265,0.16384915539034325,0.09559331724319844,0.09564869508707637,0.17584322899862653,0.1761927202223651,0.030764791757590358],[0.15848363953596983,0.1920005693346029,0.07211945188409677,0.10199841219175461,0.04121864603369905,-0.029276587990987212,0.07790247152790518,0.14322981717844563,0.19515263541343478,0.18358864400663266,0.050112655390343666,-0.012424082756801486,0.17401289508707718,0.22293752899862654,0.15545112022236507,0.19464299175759023],[0.07939853953596986,0.043780169334601965,0.09295845188409677,0.14117781219175501,0.1931664460336992,0.03321541200901285,0.012903171527905105,0.18113271717844562,-0.014240864586564933,0.043476344006632694,0.10584815539034366,0.07527021724319843,0.1367525950870772,0.19349932899862654,0.16661492022236507,0.09034459175759058],[-0.00270186046403036,0.03138416933460196,0.05638765188409714,0.08743171219175458,0.15649674603369923,0.09004231200901322,0.042162871527904947,0.12971011717844563,0.1900261354134348,0.08276734400663267,0.15645825539034325,0.007474817243198527,0.16696229508707722,0.038036428998626734,0.12673712022236505,0.0026195917575903924],[-0.026003160464030346,0.1584375693346029,0.07074575188409676,0.013914612191754655,0.1478009460336992,-0.01153818799098721,0.05985407152790503,0.01405351717844517,0.18281303541343483,0.12960174400663266,0.07830325539034362,0.1688220172431984,0.1297715950870772,0.07795172899862685,0.022831520222365065,0.13340549175759023]]],