{"trainCnt":760,"matchCnt":362,"playCnt":1,"lastPlayTrainCnt":null,"lastPlayMatchCnt":null,"model":{"wt_in_hi":[[[0.17121643059432246,0.2134457221315822,0.2692510672899808,0.17526480179607334,0.11138351167406693,-0.04230561913983951,0.07054302172469348,0.11761525213790297,0.21796567763937932,0.05542755287043797,0.15309612645669748,0.22731749975861718,0.31079743280012195,-0.02527129997314709,0.18187084903042844,0.24427811121104506],[0.15104407958378116,0.013565253685819583,0.22005592249421957,0.21891382911888685,0.29553360853961386,0.1443674863465181,0.07391835217990254,0.06183597857222782,0.009998405708268059,0.027777987123151285,0.2840405878895087,0.035837028497292804,0.0923951734479108,0.19684860757662004,0.07972775810241937,0.19507065712203864],[0.038283810716689994,0.22048735106910114,0.008002726005880685,0.2977362249160845,0.1859803745246986,0.02817978506720391,0.07474230486790975,-0.03277362940733952,0.2601781485602729,0.16377326501072215,0.15925455158599452,0.12494235908808043,-0.03910631144690735,0.14183862921649948,0.04596605661430155,0.10477018198161568],[0.2062288504531539,0.1308771259685261,0.10746918357417361,0.0432354114709292,0.12391862915605908,0.2867617193855092,0.11097211950070318,0.17882823009756627,0.01533843480586701,0.10565202525987477,0.18721566101392886,-0.008011668806470366,0.05314580536056483,0.03518790089897313,0.07536528837924843,0.13158417372007566],[0.27984480919760624,0.02863174847177224,0.1412195372240519,0.1459730532743452,0.18222669449404205,0.045921959724806484,0.29801617560175114,0.10738703947433853,0.10991302040786714,0.17648388096024636,0.28812095765360146,0.02507590365263158,0.30301428071354414,0.16355073102945936,0.30693665400027,0.16808637049229572],[-0.012708114208950428,0.06258913205297566,0.1322399729719779,0.06926432464826077,0.20645308175893531,0.22034146538188396,0.17626879024513134,-0.024439188129496827,0.2785801268680376,0.16068850113548122,0.12525115973922105,0.08134971703160675,0.29827789762415075,0.10218480619748241,0.2801448197316259,0.1848369273154995],[0.2294114965793255,0.002454788995992038,0.22692320461885576,0.10119929400385119,0.12440430386474027,0.13133196589048088,0.06890520005296684,0.2580700787729283,0.09368723915873652,0.07990422369519401,0.17637147698458122,-0.024648760694308137,0.2786058828494487,0.03730385331804726,0.004931779750110346,0.12770549163773548],[0.047336421917861894,0.18776151440916336,0.2579999349494402,0.2855201048302308,0.13390203693388014,-0.020365705670853457,0.09798634208661423,0.1378248265487124,0.19953423745881513,0.03559595811069816,0.18823942208064293,-0.035778318449359435,0.20977315198005142,0.17534048882602166,-0.023101719710792168,0.09664523042482252],[0.050517707682501,0.07843102514189998,0.21518815320727408,0.028848382203617372,0.011554932367239912,0.058315620931184274,0.06033201965084368,0.29047434409831074,0.22191106559952314,-0.03690575052667095,0.09357678611078925,0.23181910369642797,0.18850852224596426,0.3103711355079031,0.2662795275258886,0.19965894059834013],[0.2713180662486179,0.162419128801279,0.017639285783924208,0.2628089299989159,-0.002536226197993294,0.1763742161493488,0.023515884366930268,0.29580420623348536,0.23882544070802522,0.15177664329188334,0.03400063807442443,0.09476843685808654,0.1017920040138916,0.24653501288525365,0.26410508539199345,0.30064322500886226],[0.2455559094620335,0.20273114874830891,0.14133158575701749,0.01366717816483608,0.027515310039015844,0.2025797038911241,-0.007949192366884369,0.2789077891955902,0.10900309543380719,0.028513172477812036,0.18472498770650866,0.26839113951624255,0.12877045522424663,0.008439498890117974,0.04882926225532009,-0.014924083106034486],[0.15815534698175462,0.054962914875710554,0.0313732825864693,0.25099842679006035,-0.013602806768799974,0.18175586358977305,0.2829665575389396,0.1202953244954666,0.2995821207446254,0.18096736001298558,0.014023664110007293,0.22613609207971772,0.036360776840724404,0.04819801481496207,0.05916025342275884,0.28121608674530707],[0.020149738994524567,0.05045491797991294,0.16717945095742864,0.06860102289062733,0.04388646726976701,0.23809061583785535,0.22398389046774794,0.17326832780333729,0.1741885592244092,0.08762474268547513,0.24559533240288497,0.26772563420964074,0.20124991574526824,0.3113744536838385,0.03397667499198859,-0.038677302810356695],[0.005633586439821066,0.2798352755427532,0.03326171676506636,0.07036979842125624,0.28392543755870747,0.2579098221571062,-0.050181483737743955,-0.033426550527862836,0.08368598042338671,-0.027392658948663426,0.11986817329951403,0.13473263666651672,0.055340028339802644,0.022550321371789413,0.30959072743714805,0.15261023549640562],[0.09395378461415364,0.28579443154411976,0.26459006039360566,-0.04363074119256653,-0.017529924456634136,0.1312016895588851,0.1290693873605032,0.19771167581503377,0.044644584321523115,0.013449889071688897,0.2656167619881205,0.15684689392256038,0.22846820800009215,0.18832301142034075,0.13542496873732301,0.05246558515066657],[0.12914527127189457,0.092170893004175,0.23227179693403177,-0.024155711605751792,0.24963760975456556,0.20323191550650885,0.18325754382201873,0.12393838323859246,-0.02831086250635796,0.04411524158964324,0.04707284481396544,-0.030161727957623962,0.3053328989955028,0.32740985243584725,0.053684362986058845,-0.03399323269549042]]],