{"trainCnt":1265,"matchCnt":702,"playCnt":3,"lastPlayTrainCnt":null,"lastPlayMatchCnt":null,"model":{"wt_in_hi":[[[0.11822059775105916,0.013391752237320247,0.21040664897362135,0.05472871607201654,0.04260379195825078,0.20141244372249828,0.08218849631020425,0.17756942060472417,0.11416361627567337,0.06937082989885959,0.1948336416983201,0.07132627721932017,0.07945665527649538,-0.0008235145323281385,0.029077230915223844,0.06436153729656147],[0.1875033977510588,0.05424705223732026,0.05365494897362081,0.14223291607201677,0.04953099195825076,0.12981254372249829,0.017859796310204203,0.009305820604723732,0.2013488162756738,-0.011631370101140213,-0.01765115830167977,0.030174977219320408,0.21638905527649588,0.19989518546767174,0.12182883091522408,0.17290753729656186],[0.11710679775105916,0.08213665223731993,0.0873321489736205,0.02003791607201644,-0.02440690804174936,0.07097174372249827,0.08787049631020427,0.020301420604723768,0.034768716275673635,0.09691152989885955,0.2190075416983201,0.1391700772193202,0.13887035527649588,0.10535108546767195,0.06398263091522399,0.0416821372965617],[-0.015746802248941136,0.1746870522373207,0.0733836489736205,0.20427701607201676,0.1340541919582506,0.18820164372249829,0.03251309631020406,0.20097842060472415,0.03357251627567364,0.1115440298988595,0.1536422416983201,0.009108577219320338,0.08767595527649537,0.15970198546767173,0.12577623091522364,0.10153593729656149],[0.04058949775105891,0.1956044522373207,0.0046355489736207255,0.21545781607201675,0.2046966919582506,0.07502714372249829,0.05947159631020413,0.06529312060472355,-0.012305383724326387,0.20049812989885973,0.006495341698320245,0.09044917721932016,0.05774005527649538,0.03568318546767191,0.14136953091522367,0.0385019372965617],[0.17082819775105879,0.03910205223732024,0.05210904897362081,0.20658681607201673,0.1533501919582506,0.0640161437224983,0.019406796310204196,0.19904662060472417,0.08824211627567337,0.09177012989885959,0.007946441698320249,0.037980777219320555,0.041219455276495356,0.21114858546767173,0.07309993091522399,0.060147237296561656],[0.17417879775105877,0.12299815223732005,0.06706294897362049,0.20948841607201674,0.07253299195825072,0.18866374372249828,0.09016629631020426,0.04105842060472372,0.21626891627567382,0.16253492989885973,0.08518464169832032,0.08101767721932018,0.017782855276495476,0.22321128546767172,0.057953730915223906,0.15160843729656184],[0.08782199775105909,0.08231445223731992,0.21423024897362133,0.0013790160720164929,0.03262059195825074,-0.010351156277501937,0.1729566963102042,0.11738892060472349,0.1267557162756738,0.02506522989885982,-0.021595658301679768,0.1198324772193202,0.1302646552764959,0.14180448546767171,-0.016263469084776192,0.19229153729656184],[0.06393909775105909,0.2043490522373207,0.11603284897362053,0.006732416072016479,0.1996524919582506,-0.01143075627750194,0.1834409963102042,0.11971432060472341,0.06693201627567337,0.19914572989885973,0.10785984169832036,-0.00555202278067965,0.14990825527649587,0.040794185467671905,0.20093963091522363,0.14408413729656186],[-0.025774102248941083,0.08009765223731993,0.17902714897362135,0.009642716072016496,0.1343298919582506,0.0644360437224983,-0.007369803689795803,0.06643492060472354,0.1549489162756738,0.023410129898859815,-0.024794658301679776,0.08457057721932018,0.1672043552764959,0.20201238546767172,0.022381530915223852,-0.00009676270343833321],[-0.010799202248941125,0.1288974522373207,0.16397674897362133,0.14986141607201675,0.006981891958250691,0.07027934372249829,0.11909009631020423,0.08101662060472355,0.2020166162756738,0.0805829298988596,0.17208204169832012,0.1680959772193202,0.10336805527649535,0.22161648546767174,0.21577713091522363,0.18959933729656184],[0.1351498977510588,0.07058335223731993,0.053968148973620796,0.16150511607201673,0.08012179195825073,0.09242154372249822,0.1983651963102042,0.21376192060472415,0.11128721627567342,0.17538472989885973,0.1645538416983201,0.09631187721932019,0.09735605527649537,0.17637778546767172,0.17682753091522366,0.03000673729656174],[0.1586355977510588,0.1922517522373207,0.0727979489736205,0.10161121607201676,0.04119979195825079,-0.029059856277501926,0.07880129631020427,0.14486952060472416,0.1958026162756738,0.18539242989885973,0.05081734169832037,-0.011705522780679661,0.17572025527649587,0.22347208546767172,0.15608593091522363,0.19388493729656184],[0.0795504977510591,0.044031352237320236,0.0936369489736205,0.14079061607201676,0.19314759195825057,0.03343214372249789,0.013801996310204201,0.18277242060472415,-0.013590883724326385,0.045280129898859746,0.10655284169832038,0.07598877721932018,0.1384599552764959,0.19403388546767172,0.16724973091522363,0.08958653729656146],[-0.002549902248941113,0.03163535223732023,0.05706614897362084,0.08704451607201673,0.1564778919582506,0.09025904372249823,0.04306169631020407,0.13134982060472417,0.19067611627567382,0.08457112989885959,0.1571629416983201,0.008193377219320343,0.1686696552764959,0.03857098546767191,0.1273719309152236,0.001861537296561663],[-0.02585120224894108,0.15868875223732068,0.0714242489736205,0.013527416072016473,0.14778209195825057,-0.01132145627750194,0.06075289631020415,0.01569322060472376,0.18346301627567382,0.13140552989885973,0.07900794169832034,0.1695405772193202,0.1314789552764959,0.07848628546767202,0.023466330915223856,0.13264743729656184]]],