{"trainCnt":4926,"matchCnt":1907,"playCnt":7,"lastPlayTrainCnt":null,"lastPlayMatchCnt":null,"model":{"wt_in_hi":[[[-1.3064092123089772,73.65675235041131,-0.9411907692914928,-1.1779085649610157,82.93862770177311,-1.0116161833832338,-1.268392610080845,-0.8495817496802825,-0.9981876634711846,-0.6217353596730081,176.92184426542133,-3.7000804016403857,-5.409236218214092,95.48086767743773,-1.2179337320711843,35.86482791514428],[-1.3265815633195184,73.45687188196555,-0.9903859140872512,-1.1342595376382025,83.12277779863865,-0.8249430778968769,-1.2650172796256356,-0.9053610232459579,-1.2061549354022978,-0.6493849254202949,177.05278872685415,-3.8915608729017093,-5.627638477566302,95.7029875849875,-1.320076822999194,35.815620461055275],[-1.4393418321866098,73.66379397934882,-1.2024391105755932,-1.0554371418410016,83.01322456462373,-0.9411307791761911,-1.2641933269376284,-0.9999706312255253,-0.9559751925502908,-0.513389647532723,176.9280026905506,-3.8024555423109216,-5.759139962461121,95.64797760662738,-1.3538385244873121,35.725319985914844],[-1.2713967924501455,73.57418375424827,-1.1029726530072979,-1.3099379552861594,82.9511628192551,-0.6825488448578857,-1.2279635123048358,-0.7883687717206203,-1.200814906304699,-0.5715108872835721,176.95596379997858,-3.935409570205472,-5.6668878456536484,95.54132687830987,-1.324439292722365,35.7521339776533],[-1.1977808337056939,73.47193837675151,-1.0692222993574214,-1.2072003134827438,83.00947088459307,-0.9233886045185886,-1.0409194562037882,-0.8598099623438471,-1.1062403207026992,-0.5006790315831995,177.05686909661824,-3.9023219977463706,-5.41701937030067,95.66968970844034,-1.0928679271013428,35.78863617442553],[-1.4903337571122501,73.5058957603327,-1.0782018636094957,-1.2839090421088284,83.03369727185797,-0.7489690988615106,-1.1626668415604067,-0.9916361899476828,-0.9375732142425262,-0.5164744114079639,176.89399929870387,-3.8460481843673957,-5.421755753390063,95.60832378360836,-1.1196597613699861,35.80538673124873],[-1.248214146323974,73.44576141727573,-0.9835186319626149,-1.2519740727532378,82.95164849396379,-0.8379785983529143,-1.2700304317525715,-0.7091269230452572,-1.1224661019518298,-0.5972586888482525,176.94511961594918,-3.9520466620933106,-5.441427768164766,95.54344283072895,-1.394872801351503,35.748255295570964],[-1.4302892209854383,73.6310681426889,-0.9524419016320327,-1.067653261926856,82.96114622703293,-0.9896762699142486,-1.2409492897189247,-0.8293721752694738,-1.0166191036517505,-0.6415669544327479,176.95698756104525,-3.9631762198483615,-5.510260499034161,95.6814794662369,-1.4229063008124059,35.71719503435805],[-1.4271079352207992,73.52173765342164,-0.9952536833741971,-1.3243249845534706,82.83879912246628,-0.9109949433122112,-1.278603612154695,-0.676722657719875,-0.9942422755110409,-0.7140686630701175,176.86232492507543,-3.6955787977025745,-5.531525128768249,95.81651011291878,-1.1335250535757235,35.82020874453158],[-1.2063075766546818,73.60572575708102,-1.19280255079755,-1.0903644367581709,82.82470796390105,-0.7929363480940459,-1.3154197474386087,-0.6713927955847007,-0.9773279004025388,-0.5253862692515621,176.80274877703903,-3.832629464540916,-5.618241647000321,95.75267399029612,-1.1356994957096187,35.921193028942106],[-1.2320697334412658,73.64603777702803,-1.0691102508244557,-1.339506188592252,82.85475950013806,-0.7667308603522704,-1.3468848241724236,-0.6882892126225952,-1.107150245676759,-0.648649740065634,176.95347312667116,-3.659006761882759,-5.591263195789966,95.514578476301,-1.3509753188462932,35.60562572082719],[-1.3194702959215452,73.49826954315544,-1.1790685539950057,-1.1021749399670262,82.81364138333024,-0.7875547006536215,-1.055969074266599,-0.846901677322719,-0.9165712203659382,-0.49619555253046016,176.78277180307464,-3.701261809319285,-5.683672874173489,95.55433699222586,-1.3406443276788544,35.90176589067855],[-1.4574759039087752,73.49376154625965,-1.0432623856240435,-1.2845723438664618,82.87113065736881,-0.7312199484055394,-1.1149517413377887,-0.7939286740148492,-1.0419647818861566,-0.5895381698579717,177.0143434713675,-3.6596722671893605,-5.518783735268944,95.8175134310947,-1.365827906109625,35.581872501122874],[-1.4719920564634787,73.72314190382248,-1.1771801198164096,-1.2828035683358328,83.11116962765774,-0.7114007420862888,-1.3891171155432833,-1.000623552346049,-1.1324673606871785,-0.70455557149211,176.88861631226416,-3.792665264732486,-5.6646936226744105,95.52868929878268,-1.090213853664465,35.773160039429634],[-1.3836718582891463,73.72910105982385,-0.9458517761878665,-1.3968041079496547,82.80971426564241,-0.8381088746845101,-1.2098662444450352,-0.7694853260031529,-1.1715087567890425,-0.6637130234717573,177.03436490095277,-3.770551007476443,-5.491565443014121,95.69446198883121,-1.2643796123642899,35.67301538908389],[-1.3484803716314049,73.53547752128391,-0.9781700396474389,-1.37732907836284,83.0768817998536,-0.7660786487368857,-1.1556780879835191,-0.8432586185795932,-1.2444642036169242,-0.633047670953803,176.81582098377862,-3.957559629356626,-5.414700752018711,95.83354882984672,-1.3461202181155545,35.586556571237736]]],