{"trainCnt":1823,"matchCnt":894,"playCnt":1,"lastPlayTrainCnt":null,"lastPlayMatchCnt":null,"model":{"wt_in_hi":[[[0.02284428086991304,-0.016065839837987574,0.16505250035331842,0.0017833100021691069,0.08718496713923558,0.1157762701526683,0.10487366550370776,0.17363285801315517,0.20690401537739156,0.21408636048358168,0.17787884032155557,0.01571333423531097,0.0834882985172617,0.014408766038158131,0.21464774882244383,0.17263184681169852],[0.012718580869913097,0.1562321601620128,-0.0009975996466808918,0.09122161000216912,0.09065606713923559,-0.015449829847331743,0.007425065503707503,0.13418265801315518,0.15149251537739156,0.1491235604835817,0.096069640321555,0.054178934235310984,0.1218745985172617,0.058877166038158214,-0.0025220511775564916,0.11397544681169881],[0.02318598086991304,0.1086645601620123,0.20391990035331842,0.09427771000216911,-0.006054232860764592,0.1898720701526676,0.18051686550370816,0.026591158013154842,0.0750899153773915,0.039256260483582016,0.13557254032155555,0.10959023423531118,0.1000090985172617,0.18514946603815816,0.12846804882244384,0.016279646811698564],[0.020872980869913023,0.013718660162012406,0.03119690035331917,0.1581116100021691,0.15199116713923527,0.0904341701526683,0.07681086550370773,0.01361475801315488,-0.02241238462260853,0.1317535604835817,0.18856634032155556,0.07381443423531116,0.0936908985172617,0.18491836603815814,-0.01853615117755654,0.1301269468116985],[-0.013354919130086913,0.16725636016201278,0.1970473003533184,0.2092393100021691,0.060018167139235384,0.0722879701526683,0.08662466550370775,0.1406155580131552,0.004999115377391421,0.1761605604835817,0.11118564032155503,0.05695283423531097,0.0929773985172617,0.08835636603815805,0.21012024882244384,0.09826904681169883],[0.10617948086991308,0.1484556601620128,0.12671220035331843,0.2193683100021691,0.20584306713923525,0.04922307015266815,0.17562086550370817,0.0037574580131548205,0.17862891537739156,0.20866496048358169,0.04829844032155503,0.031207734235311074,0.0876947985172617,0.13904966603815816,-0.022261251177556514,0.04910974681169847],[-0.004535519130086961,0.1927319601620128,0.16223610035331842,0.2188395100021691,0.08320446713923559,-0.015380329847331743,0.008814265503707501,0.1163376580131548,0.17060581537739156,0.07689416048358233,0.13699024032155557,0.02534233423531104,0.21246859851726208,0.18455026603815816,0.14380994882244383,0.1774660468116985],[0.1177784808699131,0.015047660162012406,0.01312720035331912,0.2340411100021691,0.010995567139235406,0.1352666701526676,0.11482466550370776,0.1354729580131552,0.0898126153773915,0.08812186048358231,0.15752604032155557,-0.01112416576468905,0.16669189851726207,0.09835056603815807,0.0747140488224433,0.1632029468116985],[0.1965605808699133,0.1977475601620128,0.16057330035331846,0.03111901000216903,0.10578026713923556,0.1572877701526676,0.0477069655037074,0.10528765801315476,0.21016441537739156,0.1697920604835817,0.013280640321554953,0.1698387342353112,0.009538998517261577,0.16113126603815814,0.12984544882244384,0.0655525468116988],[0.19961038086991328,-0.02519453983798759,0.07642030035331926,0.16331621000216912,0.07453676713923559,0.1269860701526676,0.07638116550370774,-0.0006644419868451731,0.03239721537739145,0.1302268604835817,0.14440604032155557,0.1958454342353112,0.07985129851726169,0.045913566038158216,0.21968734882244384,0.031023246811698615],[0.09540248086991307,-0.0011764398379875945,-0.00996369964668089,0.2137430100021691,0.0061440671392354014,0.2064518701526676,0.09821846550370772,0.09464175801315469,0.09799411537739149,0.08768576048358231,0.16506134032155556,0.08030093423531116,0.11486519851726168,0.14788966603815815,0.0380371488224436,-0.01937685318830141],[0.15092438086991328,0.10249716016201231,0.09574410035331926,0.1271781100021691,0.16614816713923528,0.2060863701526676,0.013366565503707493,0.1761996580131552,0.12842121537739154,0.1910856604835817,-0.007129359678445074,0.10486983423531115,-0.01755460148273839,0.01870736603815817,0.13455304882244384,0.0755466468116988],[-0.013657719130086916,0.02376446016201244,0.12150990035331916,0.08936441000216912,-0.005861832860764593,-0.02639232984733174,0.14168576550370818,0.17696085801315517,0.05577091537739154,0.2191051604835817,0.17372594032155556,0.1671002342353112,0.02283829851726157,0.052577366038158234,0.19589684882244385,0.16425074681169852],[0.13785528086991328,0.1730952601620128,0.17111220035331842,0.1598857100021691,0.13591636713923527,0.1360056701526676,0.0392135655037074,0.1300479580131552,0.02682051537739142,0.1519160604835817,0.051118140321555025,0.06591783423531117,0.11482729851726167,0.13769756603815814,0.20371604882244385,0.10606384681169882],[0.20174638086991326,0.09641916016201232,0.16239900035331845,0.024977210002169143,0.22574676713923528,0.1429787701526676,0.11809216550370778,0.19222275801315516,0.15611801537739156,0.19895386048358168,0.04396004032155505,0.1674678342353112,0.0825404985172617,0.19434016603815815,0.0819811488224433,0.05474604681169845],[-0.018235919130086986,0.1802058601620128,0.15862980035331842,0.17346541000216908,0.14686116713923528,0.2123061701526676,0.06304326550370772,0.2067798580131552,0.03195741537739148,0.1742504604835817,0.14677304032155555,0.10702933423531116,0.18247149851726208,0.0560021660381582,0.08280094882244331,0.1415753468116985]]],