{"trainCnt":489,"matchCnt":286,"playCnt":1,"lastPlayTrainCnt":null,"lastPlayMatchCnt":null,"model":{"wt_in_hi":[[[0.11865444050859293,0.013764301897069986,0.21106955837605748,0.05534753245510463,0.04350786845066071,0.2019469188848373,0.08250535975767942,0.17813413804322042,0.1148713773164527,0.07000813394551485,0.1947976343649633,0.07158364926739345,0.08007827823027196,-0.0006719725904631131,0.029226788186719064,0.06402648109436666],[0.1879372405085928,0.054619601897069985,0.05431785837605713,0.14285173245510466,0.05043506845066069,0.1303470188848373,0.018176659757679365,0.009870538043220412,0.20205657731645282,-0.010994066054485049,-0.01768716563503699,0.030432349267393587,0.2170106782302721,0.20004672740953677,0.12197838818671916,0.1725724810943668],[0.11754064050859293,0.08250920189706983,0.08799505837605703,0.020656732455104614,-0.02350283154933941,0.07150621888483745,0.08818735975767943,0.020866138043220458,0.035476477316452856,0.0975488339455148,0.2189715343649633,0.13942744926739334,0.1394919782302721,0.10550262740953684,0.06413218818671908,0.04134708109436673],[-0.015312959491407126,0.1750596018970703,0.07404655837605703,0.20489583245510465,0.1349582684506604,0.1887361188848373,0.0328299597576793,0.2015431380432204,0.03428027731645286,0.11218133394551476,0.15360623436496332,0.009365949267393524,0.08829757823027194,0.15985352740953676,0.12592578818671915,0.10120088109436669],[0.04102334050859291,0.1959770018970703,0.0052984583760571045,0.21607663245510464,0.2056007684506604,0.07556161888483746,0.059788459757679366,0.06585783804322042,-0.011597622683547172,0.20113543394551475,0.006459334364962998,0.09070654926739345,0.05836167823027191,0.035834727409536866,0.14151908818671918,0.03816688109436673],[0.1712620405085928,0.039474601897069965,0.05277195837605714,0.20720563245510462,0.15425426845066037,0.06455061888483747,0.019723659757679358,0.19961133804322043,0.0889498773164527,0.09240743394551484,0.007910434364963007,0.03823814926739363,0.04184107823027189,0.21130012740953677,0.07324948818671907,0.05981218109436669],[0.1746126405085928,0.12337070189706995,0.06772585837605702,0.21010723245510463,0.07343706845066066,0.1891982188848373,0.09048315975767943,0.041623138043220424,0.21697667731645284,0.16317223394551475,0.08514863436496309,0.08127504926739346,0.01840447823027198,0.22336282740953675,0.05810328818671908,0.15127338109436678],[0.08825584050859286,0.08268700189706982,0.21489315837605746,0.0019978324551046278,0.03352466845066067,-0.009816681115162663,0.17327355975767916,0.11795363804322036,0.12746347731645283,0.02570253394551498,-0.021631665635036986,0.12008984926739348,0.1308862782302721,0.14195602740953675,-0.016113911813280986,0.19195648109436678],[0.06437294050859287,0.20472160189707028,0.11669575837605706,0.007351232455104639,0.2005565684506604,-0.010896281115162667,0.18375785975767917,0.12027903804322028,0.0676397773164527,0.19978303394551475,0.10782383436496312,-0.005294650732606472,0.15052987823027209,0.040945727409536864,0.20108918818671914,0.1437490810943668],[-0.025340259491407054,0.08047020189706983,0.17969005837605748,0.010261532455104649,0.13523396845066038,0.06497051888483747,-0.007052940242320648,0.06699963804322041,0.15565667731645283,0.024047433945514975,-0.024830665635036994,0.08482794926739345,0.16782597823027212,0.20216392740953676,0.022531088186719072,-0.00043181890563328445],[-0.01036535949140712,0.12927000189707027,0.16463965837605746,0.15048023245510464,0.007885968450660624,0.07081381888483747,0.11940695975767938,0.08158133804322042,0.20272437731645282,0.08122023394551485,0.17204603436496332,0.16835334926739334,0.10398967823027193,0.22176802740953677,0.21592668818671915,0.18926428109436677],[0.13558374050859281,0.07095590189706982,0.054631058376057126,0.16212393245510462,0.08102586845066066,0.0929560188848374,0.19868205975767916,0.2143266380432204,0.11199497731645275,0.17602203394551474,0.1645178343649633,0.09656924926739346,0.09797767823027194,0.17652932740953675,0.17697708818671917,0.029671681094366797],[0.1590694405085928,0.19262430189707028,0.07346085837605704,0.1022300324551049,0.04210386845066072,-0.02852538111516263,0.07911815975767943,0.14543423804322042,0.19651037731645282,0.18602973394551475,0.050781334364963016,-0.011448150732606474,0.1763418782302721,0.22362362740953676,0.15623548818671915,0.19354988109436677],[0.07998434050859288,0.04440390189706996,0.09429985837605703,0.14140943245510465,0.19405166845066038,0.03396661888483732,0.014118859757679346,0.1833371380432204,-0.012883122683547172,0.0459174339455149,0.10651683436496315,0.07624614926739345,0.13908157823027212,0.19418542740953676,0.16739928818671915,0.08925148109436666],[-0.0021160594914070995,0.032007901897069965,0.057729058376057164,0.08766333245510487,0.15738196845066038,0.0907935188848374,0.043378559757679305,0.13191453804322043,0.19138387731645284,0.08520843394551485,0.1571269343649633,0.008450749267393533,0.16929127823027212,0.03872252740953687,0.12752148818671913,0.0015264810943667142],[-0.025417359491407054,0.15906130189707027,0.07208715837605703,0.01414623245510463,0.14868616845066038,-0.010786981115162669,0.061069759757679386,0.016257938043220448,0.18417077731645284,0.13204283394551475,0.07897193436496311,0.16979794926739333,0.1321005782302721,0.0786378274095369,0.023615888186719076,0.13231238109436677]]],