{"trainCnt":3975,"matchCnt":1895,"playCnt":6,"lastPlayTrainCnt":null,"lastPlayMatchCnt":null,"model":{"wt_in_hi":[[[-0.9505662254672301,0.03428486670088417,5.864215466138536,0.8903677350503403,8.760495779517944,-0.2417143437132614,-0.08890499337128638,-0.08709395387570687,0.0011279221086602093,-0.0784887364691889,15.522866754543479,-3.700232993707397,-5.409235255248445,8.469098292927063,-0.0593336145622346,0.04643938448474306],[-0.9707385764777714,-0.1655956017448786,5.815020321342778,0.9340167623731539,8.944645876383497,-0.05504123822690356,-0.08552966291607733,-0.1428732274413821,-0.2068393498224516,-0.10613830221647558,15.653811215976294,-3.8917134649687206,-5.627637514600655,8.691218200476829,-0.16147670549024418,-0.002768069604263363],[-1.0834988453448633,0.04132649563840303,5.602967124854438,1.0128391581703544,8.835092642368576,-0.17122893950621784,-0.08470571022807011,-0.23748283542094942,0.04334039302955413,0.029856975671095798,15.529025179672775,-3.802608134377933,-5.759138999495474,8.636208222116707,-0.19523840697836176,-0.09306854474468715],[-0.9155538056083987,-0.0482837294621719,5.702433582422732,0.7583383447251966,8.773030896999938,0.08735299481208755,-0.04847589559527672,-0.025880975916044064,-0.20149932072485272,-0.02826426407975246,15.55698628910071,-3.9355621622724835,-5.666886882688002,8.529557493799182,-0.16583917521341512,-0.06625455300622636],[-0.8419378468639469,-0.15052910695892585,5.736183936072609,0.861075986528612,8.831338962337918,-0.1534867648486153,0.13856816050577062,-0.09732216653927132,-0.10692473512285278,0.042567591620620016,15.657891585740384,-3.902474589813382,-5.417018407335023,8.657920323929668,0.06573219040760712,-0.029752356234006273],[-1.1344907702705036,-0.11657172337772248,5.727204371820535,0.7843672579025278,8.855565349602811,0.020932740808462493,0.016820775149152083,-0.22914839414310675,0.06174237133731915,0.026772211795854872,15.495021787826001,-3.846200776434407,-5.4217547904244165,8.59655439909769,0.03894035613896306,-0.013001799410802501],[-0.892371159482227,-0.17670606643470613,5.821887603467414,0.8163022272581182,8.773516571708617,-0.06807675868294079,-0.09054281504301301,0.053360872759319423,-0.12315051637198343,-0.054012065644433165,15.546142105071361,-3.952199254160322,-5.441426805199119,8.531673446218257,-0.236272683842553,-0.07013323508856659],[-1.0744462341436916,0.008600658978465334,5.852964333797996,1.0006230380845003,8.783014304777758,-0.21977443024427534,-0.061461673009365655,-0.066884379464898,-0.01730351807190402,-0.09832033122892872,15.558010050167425,-3.963328811915373,-5.5102595360685145,8.66971008172623,-0.2643061833034555,-0.1011934963014803],[-1.0712649483790524,-0.10072983028879834,5.810152552055832,0.7439513154578852,8.660667200211119,-0.1410931036422376,-0.09911599544513627,0.08576513808470171,0.005073310068804002,-0.17082203986629785,15.463347414197568,-3.695731389769586,-5.531524165802602,8.804740728408115,0.02507506393322582,0.0018202138720381615],[-0.8504645898129353,-0.016741726629419043,5.612603684632481,0.977911863253185,8.646576041645886,-0.023034508424072734,-0.13593213072904953,0.09109500021987607,0.021987685177306246,0.01786035395225699,15.4037712661612,-3.832782056607927,-5.618240684034674,8.740904605785461,0.022900621799330678,0.10280449828255794],[-0.876226746599519,0.023570293317610888,5.736295984605575,0.7287701114191036,8.676627577882895,0.0031709793177025977,-0.16739720746286416,0.07419858318198137,-0.10783466009691273,-0.10540311686181485,15.55449561579329,-3.65915935394977,-5.591262232824319,8.502809091790326,-0.1923752013373432,-0.21276280983233717],[-0.963627309079798,-0.12419794055498762,5.626337681435026,0.9661013600443294,8.63550946107508,-0.017652860983648495,0.1235185424429591,-0.08441388151814323,0.08274436521390695,0.04705107067335923,15.383794292196786,-3.7014144013862964,-5.683671911207842,8.54256760771517,-0.1820442101699044,0.08337736001900276],[-1.1016329170670285,-0.12870593745078526,5.7621438498059865,0.7837039561448944,8.692998735113646,0.038681891264433915,0.06453587537176872,-0.03144087821027304,-0.04264919630630984,-0.046291546654152076,15.615365960489669,-3.659824859256372,-5.518782772303298,8.805744046584048,-0.2072277886006747,-0.23651602953665946],[-1.1161490696217322,0.10067442011205541,5.628226115613622,0.7854727316755237,8.93303770540259,0.058501097583684686,-0.2096294988337238,-0.23813575654147276,-0.1331517751073332,-0.1613089482882903,15.489638801386292,-3.7928178567994975,-5.664692659708764,8.516919914271998,0.06838626384448517,-0.04522849122989639],[-1.0278288714473995,0.10663357611342195,5.859554459242163,0.6714721920617008,8.631582343387246,-0.06820703501453658,-0.03037862773547617,-0.006997530198576548,-0.17219317120919675,-0.12046640026793798,15.635387390074904,-3.770703599543454,-5.491564480048474,8.682692604320549,-0.10577949485534016,-0.14537314157563616],[-0.9926373847896579,-0.08698996242652332,5.82723619578259,0.6909472216485155,8.898749877598442,0.0038231909330873545,0.023809528726039468,-0.08077082277501738,-0.2451486180370776,-0.08980104774998363,15.416843472900744,-3.9577122214236375,-5.414699789053064,8.821779445336057,-0.18752010060660446,-0.23183195942179322]]],