{"trainCnt":1666,"matchCnt":810,"playCnt":2,"lastPlayTrainCnt":null,"lastPlayMatchCnt":null,"model":{"wt_in_hi":[[[0.1715360941710803,0.21245217027113866,0.26859546530964734,0.1755407742526679,0.11178332306049402,-0.041200859732891816,0.07072130538883638,0.11689497371372637,0.21670236787137837,0.05489402543277893,0.1521057464259996,0.22692602590958869,0.3113671296350073,-0.02692136628416394,0.1813370928407427,0.24429954159102055],[0.151363743160539,0.012571701825375953,0.21940032051388664,0.2191898015754814,0.29593341992604094,0.14547224575346612,0.07409663584404544,0.06111570014805117,0.00873509594026711,0.02724445968549237,0.28305020785881074,0.03544555464826475,0.09296487028279707,0.19519854126560324,0.07919400191273332,0.1950920875020141],[0.0386034742934477,0.2194937992086576,0.007347124025547841,0.2980121973726807,0.18638018591112587,0.029284544474151627,0.07492058853205265,-0.03349390783151617,0.2589148387922732,0.16323973757306323,0.15826417155529665,0.12455088523905256,-0.03853661461202107,0.14018856290548268,0.04543230042461569,0.10479161236159097],[0.20654851402991173,0.12988357410808257,0.10681358159384076,0.04351138392752394,0.12431844054248636,0.287866478792457,0.11115040316484608,0.17810795167338947,0.01407512503786606,0.10511849782221569,0.186225280983231,-0.008403142655498403,0.05371550219545111,0.03353783458795619,0.07483153218956237,0.13160560410005115],[0.28016447277436385,0.02763819661132862,0.14056393524371896,0.14624902573093976,0.18262650588046933,0.04702671913175418,0.2981944592658935,0.10666676105016193,0.10864971063986624,0.17595035352258745,0.2871305776229035,0.024684429803603535,0.3035839775484295,0.16190066471844256,0.30640289781058455,0.1681078008722712],[-0.012388450632192648,0.0615955801925319,0.13158437099164497,0.0695402971048554,0.2068528931453626,0.22144622478883197,0.17644707390927414,-0.0251594665536735,0.277316817100038,0.1601549736978223,0.12426077970852305,0.08095824318257884,0.2988475944590361,0.10053473988646544,0.2796110635419405,0.18485835769547496],[0.22973116015608333,0.0014612371355483779,0.22626760263852283,0.10147526646044583,0.12480411525116757,0.1324367252974289,0.06908348371710973,0.2573498003487526,0.09242392939073561,0.07937069625753493,0.17538109695388335,-0.02504023454333618,0.27917557968433404,0.03565378700703032,0.004398023560424466,0.12772692201771094],[0.0476560854946196,0.18676796254871983,0.2573443329691067,0.28579607728682704,0.13430184832030742,-0.019260946263905742,0.09816462575075713,0.13710454812453557,0.19827092769081417,0.03506243067303912,0.18724904204994505,-0.03616979229838749,0.21034284881493823,0.17369042251500486,-0.023635475900478056,0.09666666080479781],[0.05083737125925871,0.07743747328145614,0.21453255122694115,0.029124354660212175,0.011954743753667101,0.05942038033813197,0.060510303314986504,0.28975406567413503,0.22064775583152219,-0.03743927796432999,0.09258640608009137,0.23142762984739948,0.18907821908085107,0.3087210691968858,0.2657457713362032,0.19968037097831562],[0.2716377298253755,0.16142557694083548,0.0169836838035914,0.26308490245551214,-0.0021364148115660966,0.17747897555629683,0.023694168031073097,0.29508392780930964,0.23756213094002426,0.15124311585422442,0.033010258043726516,0.09437696300905864,0.10236170084877787,0.24488494657423684,0.263571329202308,0.30066465538883685],[0.24587557303879135,0.20173759688786538,0.14067598377668455,0.013943150621430856,0.027915121425443057,0.2036844632980721,-0.007770908702741545,0.2781875107714145,0.10773978566580629,0.02797964504015312,0.1837346076758108,0.2679996656672148,0.12934015205913343,0.0067894325791011,0.04829550606563423,-0.014902652726059161],[0.15847501055851246,0.05396936301526682,0.03071768060613644,0.25127439924665657,-0.013202995382372785,0.18286062299672107,0.283144841203082,0.11957504607128999,0.29831881097662577,0.18043383257532666,0.013033284079309437,0.22574461823068923,0.036930473675610684,0.04654794850394512,0.058626497233072984,0.28123751712528167],[0.02046940257128231,0.049461366119469205,0.1665238489770957,0.06887699534722197,0.04428627865619429,0.23919537524480336,0.22416217413189074,0.1725480493791605,0.17292524945640825,0.08709121524781605,0.2446049523721871,0.26733416036061297,0.20181961258015504,0.3097243873728212,0.03344291880230273,-0.038655872430381384],[0.005953250016578811,0.2788417236823097,0.032606114784733506,0.07064577087785087,0.28432524894513456,0.25901458156405405,-0.05000320007360113,-0.034146828952039486,0.0824226706553858,-0.02792618638632234,0.11887779326881616,0.13434116281748823,0.05590972517468892,0.020900255060772564,0.3090569712474626,0.15263166587638108],[0.0942734481909113,0.28480087968367623,0.2639344584132722,-0.04335476873597179,-0.017130113070206926,0.1323064489658331,0.129247671024646,0.19699139739085694,0.04338127455352219,0.012916361634029939,0.26462638195742255,0.1564554200735319,0.22903790483497896,0.18667294510932395,0.13489121254763728,0.05248701553064188],[0.1294649348486524,0.09117734114373116,0.23161619495369884,-0.02387973914915699,0.2500374211409927,0.20433667491345686,0.18343582748616152,0.12321810481441586,-0.029574172274358903,0.043581714151984204,0.046082464783267524,-0.030553201806652008,0.30590259583038815,0.32575978612483,0.05315060679637299,-0.033971802315515116]]],