{"trainCnt":3528,"matchCnt":1741,"playCnt":3,"lastPlayTrainCnt":null,"lastPlayMatchCnt":null,"model":{"wt_in_hi":[[[0.023455831903087383,-0.016355494906863915,0.16458258858456895,0.0009505707666889327,0.08722226450781688,0.1150554468164441,0.1046702545351632,0.17311334778034868,0.20699172970075005,0.21503450671379162,0.17754178768484297,0.015519980862887648,0.08253050771129718,0.013938048482268343,0.21355184955168982,0.17212627661365942],[0.013330131903087489,0.1559425050931364,-0.0014675114154303682,0.09038887076668885,0.09069336450781688,-0.016170653183555622,0.007221654535162736,0.13366314778034868,0.15158022970075005,0.15007170671379164,0.09573258768484212,0.053985580862887524,0.12091680771129719,0.05840644848226832,-0.0036179504483112657,0.11346987661366023],[0.023797531903087383,0.10837490509313598,0.20344998858456895,0.09344497076668884,-0.006016935492183401,0.18915124681644443,0.18031345453516343,0.026071647780348015,0.07517762970074948,0.04020440671379176,0.13523548768484295,0.10939688086288801,0.09905130771129718,0.18467874848226848,0.12737214955168985,0.015774076613659593],[0.021484531903087366,0.013429005093136121,0.03072698858456973,0.15727887076668925,0.15202846450781676,0.0897133468164441,0.07660745453516317,0.013095247780348138,-0.022324670299250393,0.13270170671379164,0.18822928768484296,0.07362108086288799,0.09273310771129718,0.18444764848226847,-0.019632050448311334,0.1296213766136594],[-0.012743368096912521,0.16696670509313638,0.19657738858456894,0.20840657076668925,0.060055464507816535,0.0715671468164441,0.08642125453516318,0.1400960477803487,0.005086829700749616,0.17710870671379164,0.11084858768484215,0.05675948086288751,0.09201960771129718,0.08788564848226843,0.20902434955168986,0.09776347661366025],[0.10679103190308742,0.1481660050931364,0.12624228858456896,0.21853557076668925,0.20588036450781674,0.04850224681644431,0.17541745453516344,0.003237947780348059,0.17871662970075006,0.20961310671379163,0.04796138768484214,0.031014380862887735,0.08673700771129718,0.13857894848226848,-0.02335715044831131,0.048604176613659573],[-0.00392396809691259,0.1924423050931364,0.16176618858456895,0.21800677076668926,0.08324176450781688,-0.016101153183555608,0.00861085453516271,0.11581814778034819,0.17069352970075005,0.07784230671379205,0.13665318768484297,0.025148980862887707,0.21151080771129768,0.18407954848226848,0.14271404955168981,0.1769604766136594],[0.11839003190308744,0.014758005093136147,0.012657288584569649,0.23320837076668924,0.011032864507816603,0.13454584681644444,0.1146212545351632,0.1349534477803487,0.08990032970074949,0.08907000671379203,0.15718898768484296,-0.01131751913711239,0.16573410771129768,0.09787984848226845,0.07361814955168854,0.1626973766136594],[0.1971721319030878,0.1974579050931364,0.160103388584569,0.030286270766689025,0.10581756450781686,0.15656694681644442,0.04750355453516249,0.10476814778034815,0.21025212970075005,0.17074020671379164,0.012943587684842025,0.16964538086288777,0.008581207711296931,0.16066054848226846,0.12874954955168982,0.06504697661366021],[0.2002219319030878,-0.02548419490686389,0.07595038858456948,0.16248347076668926,0.07457406450781688,0.12626524681644444,0.07617775453516318,-0.0011839522196519447,0.032484929700749676,0.13117500671379165,0.14406898768484297,0.19565208086288777,0.07889350771129718,0.045442848482268317,0.21859144955168985,0.030517676613659703],[0.09601403190308741,-0.00146609490686387,-0.010433611415430363,0.21291027076668925,0.0061813645078165926,0.20573104681644444,0.09801505453516315,0.09412224778034808,0.09808182970074947,0.08863390671379204,0.16472428768484296,0.080107580862888,0.11390740771129716,0.14741894848226847,0.03694124955168867,-0.019882423386340366],[0.15153593190308778,0.10220750509313599,0.09527418858456949,0.12634537076668925,0.16618546450781677,0.20536554681644442,0.013163154535162702,0.1756801477803487,0.12850892970075004,0.19203380671379164,-0.0074664123151579965,0.10467648086288797,-0.01851239228870312,0.018236648482268376,0.13345714955168986,0.07504107661366022],[-0.013046168096912523,0.02347480509313614,0.12103998858456938,0.08853167076668884,-0.005824535492183402,-0.02711315318355554,0.14148235453516345,0.17644134778034867,0.05585862970074977,0.22005330671379164,0.17338888768484295,0.1669068808628878,0.02188050771129684,0.05210664848226834,0.19480094955168986,0.16374517661365942],[0.13846683190308778,0.1728056050931364,0.17064228858456895,0.15905297076668926,0.13595366450781676,0.13528484681644443,0.03901015453516249,0.1295284477803487,0.026908229700749558,0.15286420671379164,0.05078108768484214,0.06572448086288799,0.11386950771129715,0.13722684848226846,0.20262014955168983,0.10555827661366024],[0.20235793190308776,0.096129505093136,0.16192908858456898,0.02414447076668896,0.22578406450781677,0.14225794681644444,0.11788875453516322,0.19170324778034867,0.15620572970075006,0.19990200671379163,0.043622987684842164,0.16727448086288776,0.08158270771129718,0.19386944848226847,0.08088524955168853,0.054240476613659556],[-0.017624368096912642,0.17991620509313638,0.15815988858456895,0.17263267076668923,0.14689846450781677,0.21158534681644442,0.06283985453516305,0.2062603477803487,0.032045129700749714,0.17519860671379164,0.14643598768484295,0.10683598086288798,0.18151370771129768,0.055531448482268306,0.08170504955168854,0.1410697766136594]]],