{"trainCnt":1101,"matchCnt":527,"playCnt":1,"lastPlayTrainCnt":null,"lastPlayMatchCnt":null,"model":{"wt_in_hi":[[[0.08367428719558047,0.09111747298080415,0.03420264308027371,0.08672203531146472,0.12884066005429656,0.08760060925738553,0.14057266357150022,-0.006185215094988863,0.12992833733606235,0.055642927751413024,0.050955591747571215,0.010587381997004998,0.13735853606146614,0.12269176609866571,0.04116964817460923,0.12241534791446938],[0.07317547048864827,0.11190984994760679,0.07590088882647483,0.07120032079191355,0.004428427408634088,0.08460407609085302,0.05515169154773673,0.13374925001017454,0.11236721673350537,-0.0033131009720265103,0.07265908831381268,0.14950237356479612,0.01970007818163409,0.14741153453288275,0.039060294125403974,0.12899293701752726],[0.10585209321557633,0.11597377235708582,0.15677115075757728,0.09621320050171014,0.15201911917209263,0.03113442172833265,0.01494701199668894,0.010474669242866315,0.13153993924446788,0.15676553039058577,-0.011811512943389117,0.06486998329966065,0.07591559255357055,0.004878242729311832,0.0971887142354856,0.15916902507753808],[0.016379375142554855,0.09348679649226038,0.14378832600391775,0.08893343000627102,0.023825279085633897,0.14314316878455738,0.04464285021313622,0.12556867847797695,0.1557347522047584,0.07080431987904456,0.00336888386005166,0.007245773566936201,0.09567499544157676,0.04283853671721495,0.05752832576391695,0.1263459779986145],[0.10447359435203495,0.04288530837822003,0.1607591914352108,0.1558811360019041,0.010229609624825433,0.017979624883621533,0.006539141306407557,0.00721355718252578,0.027590353900743818,0.09168510510490893,0.04906963756352982,0.09874215878179848,0.033913116509645354,0.10629167047540279,0.159889524056174,0.023302339145013874],[0.08228602335523087,0.10949829366088991,0.007453446370761829,0.0919404218679675,0.1304310569363537,0.1208616951537618,0.034777491610783855,0.10966626724235504,0.11546082125065923,0.01607701740581016,0.16226438879204488,0.08529463494456965,0.03717364517715001,0.1307800070395777,-0.005698331495445813,0.11764416257844201],[0.03682827700706421,0.1539801607741292,0.1398816943899274,0.13415221391206733,0.11990257504921666,0.06960994408952415,0.007059936891858598,0.06191565824851439,0.02576577868512201,0.1226147513479739,0.13861699475011058,0.0010234181730278144,0.1354437618013445,0.04158253467983132,0.04535733179808305,0.04703295114237744],[0.03483063071103026,0.15943560526694692,0.004515316198254818,0.1302591385241678,0.038001124010815526,0.04959243272130964,0.1289767390905267,0.02758181251067324,0.13442439455609778,0.10350428950202545,0.1378423257893896,0.018742759013141833,0.03847548776462196,0.05304151832008534,0.1127478452657532,0.1572615387599021],[0.15626154760931948,0.03197985339149337,0.1290690407072544,0.05920990505349801,0.10351984459308879,0.004201037007872816,0.1404322011786195,0.08442363882917593,0.11663344125876937,0.028162628003665667,0.014068288677690409,0.1476257082051317,0.0434170270963415,0.001077054487211758,0.02547971207510534,0.017075831444140994],[0.041746590977749895,0.07360426697622904,0.15655847498915254,0.049119450815155695,0.1303249953669541,0.08558740646874372,0.022884199256404822,0.05363939899789372,0.10596352849282278,0.15422262351665103,-0.01138538536287053,-0.01271993333947828,0.058973833463530446,0.12011655389099365,0.07357867068862584,0.15541698447448302],[0.1306247702285846,0.13777950190990365,0.11126491899379165,0.06141143580730277,0.155506867650542,0.1602695009450279,0.05002253444127527,0.15102099083715123,0.03566273087866004,0.1383885422583841,0.0939453372103183,0.020425201991011957,0.10002074555946756,0.1502927422356351,-0.009373964483204284,0.127160071387227],[-0.009250832850460997,0.14653167779292625,0.057718102465473195,0.0796176944700083,0.021835855105078916,0.07300304817513334,0.026258173719067135,0.12469513192918116,0.12751446413074874,-0.014602458471640108,0.017852109396923613,0.01011000511368485,0.1255352850652456,0.08296964164300832,0.06780721655976392,0.0986905527368563],[0.1443999385700639,0.016071782589866287,0.10330071741412204,0.16224933881270848,0.0906979872130074,0.10338892401289068,0.07612764591207233,0.12950939877517,0.1387623914048068,0.019988427412879248,0.08428256803311557,0.014333594063344585,0.12693167221677135,0.08923389647715067,-0.010696847471539143,0.05455649290981148],[0.1315912693278368,0.1565840624893301,-0.012453604803489624,0.040531774937533446,0.06814867436685544,0.02488523974047311,0.13781547870334399,0.004374853668278118,-0.014211170426762152,0.04845399282244689,0.08363876350576925,0.08930669957773013,0.029477443140403816,0.16534575594196754,0.08541263024956207,0.012917479607759831],[-0.0025749004430242186,0.05823224362125762,0.08681338724563721,0.0838559061611304,0.08093561374681711,0.0112558783631251,0.03674030416928934,0.1483422675390129,-0.00022723254169441695,0.010452656742150816,0.05402878039116317,0.0706065838933306,0.13463091007126785,0.044508566309514386,0.12244846060933699,0.09049292327710026],[-0.009435212472938138,0.12015548461623342,0.1563274985398111,0.10923148000370494,0.08567176638198816,0.0476607942769333,0.04301954488208901,0.1259075241666678,0.1419828260023264,-0.008916300108550154,0.01712300642454889,0.11159339028999656,0.012081614117156617,0.1399852632551295,0.004642742209038977,0.05648367249715403]]],