{"trainCnt":2453,"matchCnt":1256,"playCnt":3,"lastPlayTrainCnt":2119,"lastPlayMatchCnt":1084,"model":{"wt_in_hi":[[[0.08119389044254745,0.048238954256084855],[0.033657190442547426,0.16863195425608507],[-0.006924109557452385,0.12360925425608499],[0.21868219044254755,0.11148855425608493],[0.06832379044254765,0.24199055425608462],[0.0013051904425476096,0.09700745425608513],[0.24138739044254823,0.09313035425608514],[0.09693079044254733,0.036107554256084896],[0.1507314904425474,0.0426644542560849],[0.00016069044254762724,0.08020195425608513],[0.10727999044254756,0.16807735425608505],[0.10440569044254726,0.06501065425608513],[0.17392779044254741,0.08491045425608514],[0.18550119044254743,0.12664115425608502],[0.16828859044254746,0.17536385425608503],[0.20936159044254776,0.20600055425608504]]],"wt_hi_hi":[[[0.2857086991824692,0.6696485455161624],[0.4276121991824692,0.06535794551616445]],[[0.5088398884273514,0.06918965627128547],[0.6649366884273513,0.5019084562712848]],[[0.692750039612481,0.26480820508615066],[0.1612001396124809,0.22637820508615158]]],"wt_hi_out":[[[0.34315131653876135,-0.10847085536514767,0.3358306243497745,0.4856406591752474],[0.3567083165387613,0.22180824463485255,0.4570063243497739,0.6975130591752469]]],"i_hid":[[0.5135561619626956,0.40368421350954736],[0.31814863783865854,0.36774245832123076],[0.4046190199671507,0.20558003847147993],[0.3125160574667721,0.15211869509418385]],"i_out":[[0.16225619888856618,-0.00015770333377913143,0.17528610858517146,0.2544110149882725]],"learningRate":0.01}}