{"trainCnt":1823,"matchCnt":805,"playCnt":1,"lastPlayTrainCnt":null,"lastPlayMatchCnt":null,"model":{"wt_in_hi":[[[0.10609188180173672,0.061350014321096644],[0.018854881801736962,0.11271501432109624],[0.08833758180173672,0.11504151432109627],[0.2228049818017376,0.15694761432109658],[0.08248648180173672,0.029517214321096587],[0.14394098180173762,0.1379632143210966],[0.20204828180173762,0.08518281432109653],[0.08303868180173672,0.20274551432109658],[0.057028481801737016,0.10903981432109636],[0.11584258180173672,0.02880091432109658],[0.04022648180173686,0.12824781432109653],[0.038593081801736866,0.07084701432109652],[0.2294340818017376,0.11361961432109627],[0.019008881801736963,0.06563151432109653],[0.19217318180173762,0.10755521432109638],[0.1521961818017376,0.1429465143210966]]],"wt_hi_hi":[[[0.08856773027494996,0.23298836584788357],[0.6752183302749494,0.43989626584788394]],[[0.206839005035168,0.5856658910876661],[0.11711480503516782,0.34327329108766436]],[[0.41675677877326645,0.34067571734956575],[0.3176113787732672,0.8341687173495661]]],"wt_hi_out":[[[0.5939853014836722,0.4696203500169097,0.1271268970225183,0.3298450475997358],[0.22964690148367115,-0.09297824998309219,0.6682825970225178,0.8355009475997354]]],"i_hid":[[0.8126673534606346,0.7346004409832864],[0.5681203560278145,0.5125690905382672],[0.17734300419525664,0.509020887092033],[0.23503476407535304,0.48566282103436165]],"i_out":[[0.25131207024108276,0.06455406233715924,0.35468766713676736,0.48363815000312044]],"learningRate":0.001},"cols":4,"rows":2}