{"trainCnt":2183,"matchCnt":1039,"playCnt":3,"lastPlayTrainCnt":null,"lastPlayMatchCnt":null,"model":{"wt_in_hi":[[[0.00429882776424986,0.06441518108031546],[0.2634555998341249,0.009849581565560985],[0.008672304996628757,0.01809067503570251],[0.050610678748070785,0.047721186776942016],[-0.00467098222714005,0.08561197924891678],[0.19664916919605072,0.06768418171361507],[0.25490356575748835,0.11660849959786568],[0.2366874325263649,0.02161309905901874],[0.1620179478196553,0.0635471138214804],[0.21931889904548774,0.11910106961917062],[0.09917501525366437,0.16883216807405851],[0.056256030219777625,0.11854756920651562],[-0.01031483592971636,0.2012278942141442],[0.17636917472009914,-0.07649657703078047],[0.0718642300219558,-0.10840414569849335],[0.12171648896876343,0.18495170575931988]]],"wt_hi_hi":[[[0.5203918426483151,0.08849689709041283],[0.6977115697233626,0.3089276378192599]],[[0.08819867538160521,0.8819264101973958],[0.8487482915225869,0.12134605436467104]],[[0.29298260684685673,0.3170692323360689],[0.36402992138610424,0.3841426769165406]]],"wt_hi_out":[[[0.2968090804445587,0.42733220130903715,0.2809645389016259,0.8355109332231654],[0.44033060827102183,-0.2974054394855801,0.43406901720049057,0.6036122375540252]]],"i_hid":[[1.0106100337885395,0.47869488037156793],[0.8600142894967635,0.23741419548975135],[0.2774239507971225,0.7873637299984617],[0.36819090748242894,0.3902836043448101]],"i_out":[[0.2805905678594176,0.04129868812456827,0.2730657225065636,0.5436198101842982]],"learningRate":0.001,"activation":"ReLU"},"cols":4,"rows":2}