{"trainCnt":4926,"matchCnt":2302,"playCnt":7,"lastPlayTrainCnt":null,"lastPlayMatchCnt":null,"model":{"wt_in_hi":[[[0.0034645886830029396,0.06276236861993378],[0.2626213607528784,0.008196769105179446],[0.007838065915381772,0.016437862575320858],[0.049776439666823866,0.04606837431656049],[-0.005505221308386985,0.0839591667885351],[0.1958149301148026,0.06603136925323339],[0.2540693266762418,0.1149556871374839],[0.23585319344511663,0.01996028659863704],[0.1611837087384072,0.06189430136109872],[0.2184846599642396,0.11744825715878868],[0.09834077617241775,0.16717935561367656],[0.055421791138530865,0.11689475674613363],[-0.011149075010963296,0.19957508175376223],[0.17553493563885103,-0.07814938949116235],[0.07102999094070918,-0.11005695815887503],[0.12088224988751577,0.18329889329893792]]],"wt_hi_hi":[[[0.5191157219647753,0.08728665843636252],[0.6964354490398228,0.3077173991652106]],[[0.08704357600096253,0.8805951502404485],[0.8475931921419458,0.12001479440772658]],[[0.28463250559427633,0.32293297425106043],[0.35567982013352384,0.3900064188315317]]],"wt_hi_out":[[[0.31159277314496725,0.42667545839001836,0.3015152384644123,0.7983469245413982],[0.45511430097143035,-0.2980621824045999,0.45461971676327695,0.566448228872258]]],"i_hid":[[0.9929478477705944,0.4550320754563381],[0.8324226083045921,0.2267494762184143],[0.26468755097850205,0.7602923957119866],[0.34599203548374474,0.38185061332936215]],"i_out":[[0.2817993984039248,0.033835710250810974,0.27739274438436806,0.49287901942951456]],"learningRate":0.001,"activation":"ELU"},"cols":4,"rows":2}