{"trainCnt":2500,"matchCnt":1215,"playCnt":4,"lastPlayTrainCnt":null,"lastPlayMatchCnt":null,"model":{"wt_in_hi":[[[0.008764883943173447,0.07347685634659468],[0.2679216560130487,0.018911256831840053],[0.013138361175552313,0.027152350301981595],[0.055076734926994296,0.056782862043221236],[-0.00020492604821649712,0.09467365451519599],[0.20111522537497423,0.07674585697989428],[0.2593696219364121,0.12567017486414478],[0.24115348870528824,0.030674774325297825],[0.16648400399857882,0.07260878908775961],[0.22378495522441125,0.1281627448854497],[0.10364107143258791,0.17789384334033753],[0.06072208639870114,0.1276092444727947],[-0.005848779750792798,0.2102895694804232],[0.18083523089902265,-0.0674349017645014],[0.07633028620087934,-0.09934247043221414],[0.12618254514768695,0.1940133810255989]]],"wt_hi_hi":[[[0.5273626414021026,0.09505382978182707],[0.7046823684771502,0.3154845705106741]],[[0.0944650243047287,0.8891877927194756],[0.8550146404457108,0.1286074368867504]],[[0.2791548946026358,0.344424676025493],[0.3502022091418833,0.4114981206059647]]],"wt_hi_out":[[[0.29681491238662405,0.4194441726082538,0.2746759172705636,0.8632094830581475],[0.44033644021308715,-0.3052934681863635,0.42778039556942826,0.6313107873890073]]],"i_hid":[[1.0102025476645105,0.6691278448284758],[1.0046167434150788,0.30744060881731317],[0.3580025052762013,0.9331192852583221],[0.4269522584462543,0.5075620534410984]],"i_out":[[0.3505514603402352,0.024149825529976465,0.3347113918025192,0.6886877121220927]],"learningRate":0.001,"activation":"ReLU"},"cols":4,"rows":2}