{"trainCnt":1388,"matchCnt":697,"playCnt":2,"lastPlayTrainCnt":334,"lastPlayMatchCnt":172,"model":{"wt_in_hi":[[[0.07215139937927648,0.04478278359572883],[0.02461469937927644,0.16517578359572863],[-0.01596660062072341,0.12015308359572871],[0.2096396993792762,0.10803238359572877],[0.059281299379276606,0.23853438359572798],[-0.007737300620723478,0.09355128359572894],[0.23234489937927713,0.08967418359572894],[0.08788829937927652,0.03265138359572888],[0.1416889993792764,0.03920828359572888],[-0.008881800620723447,0.07674578359572894],[0.09823749937927667,0.1646211835957286],[0.09536319937927651,0.06155448359572897],[0.1648852993792764,0.08145428359572894],[0.1764586993792764,0.12318498359572855],[0.15924609937927645,0.1719076835957286],[0.20031909937927656,0.2025443835957286]]],"wt_hi_hi":[[[0.28046073848267,0.6623978444923362],[0.42236423848266996,0.058107244492336944]],[[0.4963092898805508,0.06922159309445708],[0.6524060898805508,0.5019403930944569]],[[0.6732879168622583,0.2717716661127465],[0.14173801686225862,0.23334166611274684]]],"wt_hi_out":[[[0.18659561231216706,-0.08704691389618976,0.44923208111829144,0.5048723034407385],[0.20015261231216705,0.24323218610381037,0.5704077811182913,0.7167447034407382]]],"i_hid":[[0.8712333929592195,0.9170248804840082],[0.6318925325510607,0.6311926559431121],[0.7256396696811258,0.36105831344116335],[0.5392627693624088,0.28256211654406466]],"i_out":[[0.15019570927036602,0.021967576475326815,0.40677272556404137,0.4787179602847176]],"learningRate":0.01}}