{"trainCnt":2794,"matchCnt":1308,"playCnt":2,"lastPlayTrainCnt":null,"lastPlayMatchCnt":null,"model":{"wt_in_hi":[[[0.1039146691128846,0.05243979749327666],[0.016677669112884742,0.10380479749327656],[0.0861603691128846,0.1061312974932767],[0.22062776911288515,0.14803739749327718],[0.08030926911288461,0.020606997493276723],[0.14176376911288516,0.1290529974932772],[0.19987106911288516,0.07627259749327671],[0.08086146911288461,0.1938352974932772],[0.054851269112884925,0.10012959749327673],[0.1136653691128846,0.019890697493276727],[0.038049269112884726,0.1193375974932772],[0.03641586911288473,0.0619367974932767],[0.22725686911288515,0.1047093974932766],[0.016831669112884744,0.05672129749327657],[0.18999596911288516,0.09864499749327667],[0.15001896911288515,0.1340362974932772]]],"wt_hi_hi":[[[0.0814495139333149,0.22901915267284653],[0.6681001139333149,0.4359270526728468]],[[0.19635816025946456,0.5850593063466953],[0.10663396025946459,0.34266670634669577]],[[0.3906891145493847,0.3556559520567764],[0.29154371454938544,0.8491489520567767]]],"wt_hi_out":[[[0.5996941162769958,0.4392763587435001,0.0883139475586833,0.3822057440269844],[0.23535571627699528,-0.12332224125650221,0.6294696475586828,0.8878616440269829]]],"i_hid":[[0.7831037932064144,0.7761725357053305],[0.5824648390396705,0.5177730140178065],[0.1695311983271843,0.5183890118422633],[0.21715752630439936,0.5007789819083716]],"i_out":[[0.24755625934681552,0.033651961612385005,0.3346362758710168,0.5279931903058841]],"learningRate":0.001},"cols":4,"rows":2}