{"trainCnt":3125,"matchCnt":1522,"playCnt":5,"lastPlayTrainCnt":null,"lastPlayMatchCnt":null,"model":{"wt_in_hi":[[[0.004617609759205409,0.06525147421137717],[0.26377438182908025,0.010685874696622721],[0.00899108699158425,0.018926968166764178],[0.0509294607430263,0.048557479908003756],[-0.004352200232184547,0.08644827237997849],[0.19696795119100569,0.06852047484467677],[0.2552223477524437,0.1174447927289276],[0.2370062145213197,0.0224493921900804],[0.16233672981461028,0.0643834069525421],[0.2196376810404427,0.11993736275023256],[0.09949379724862005,0.16966846120512039],[0.05657481221473326,0.11938386233757756],[-0.009996053934760848,0.20206418734520606],[0.1766879567150541,-0.07566028389971885],[0.07218301201691148,-0.10756785256743165],[0.12203527096371841,0.18578799889038175]]],"wt_hi_hi":[[[0.5207317688826145,0.08931204598212808],[0.698051495957662,0.3097427867109758]],[[0.08906125909519644,0.8822189016098224],[0.8496108752361791,0.12163854577709761]],[[0.2617950874719352,0.3494118268370076],[0.3328424020111827,0.4164852714174793]]],"wt_hi_out":[[[0.30049752578995875,0.41625584063378407,0.27167915708346896,0.8533393054971904],[0.44401905361642185,-0.3084818001608332,0.4247836353823336,0.6214406098280502]]],"i_hid":[[1.089238412735655,0.5285632923259753],[0.93635368054131,0.2611719195116472],[0.3054078143433647,0.8579830336165156],[0.36558175014785993,0.46425448440651235]],"i_out":[[0.31625668945708596,0.00896892238248495,0.2967749239394112,0.6001400484020291]],"learningRate":0.001,"activation":"ReLU"},"cols":4,"rows":2}