{"trainCnt":3975,"matchCnt":1850,"playCnt":6,"lastPlayTrainCnt":null,"lastPlayMatchCnt":null,"model":{"wt_in_hi":[[[0.005812929504622284,0.06797629379445215],[0.2649697015744973,0.013410694279697651],[0.010186406737001113,0.021651787749839144],[0.05212478048844315,0.051282299491078646],[-0.0031568804867676374,0.08917309196305347],[0.1981632709364222,0.07124529442775175],[0.2564176674978607,0.12016961231200204],[0.2382015342667362,0.02517421177315535],[0.1635320495600268,0.06710822653561709],[0.2208330007858592,0.12266218233330702],[0.10068911699403725,0.17239328078819496],[0.057770131960150205,0.12210868192065202],[-0.008800734189343948,0.20478900692828064],[0.1778832764604706,-0.07293546431664384],[0.07337833176232868,-0.10484303298435667],[0.12323059070913528,0.18851281847345633]]],"wt_hi_hi":[[[0.5223068495589755,0.09165710463425955],[0.6996265766340231,0.31208784536310763]],[[0.09144967953693235,0.883750620496576],[0.8519992956779159,0.12317026466385328]],[[0.4014637917750765,0.21366326186235804],[0.472511106314324,0.28073670644282944]]],"wt_hi_out":[[[0.31352239498178147,0.4816688690482174,0.27191915580607406,0.7785815484968193],[0.4570439228082446,-0.24306877174640087,0.4250236341049387,0.546682852827679]]],"i_hid":[[0.9496836539279686,0.5504148278532115],[0.8813202426724531,0.25903070132279915],[0.30144298803060154,0.8109364716996118],[0.5047542670608869,0.2918166614196257]],"i_out":[[0.2918572833894474,0.17233017270174975,0.26069242119316693,0.5529639988721702]],"learningRate":0.001,"activation":"ReLU"},"cols":4,"rows":2}