{"trainCnt":1666,"matchCnt":759,"playCnt":2,"lastPlayTrainCnt":null,"lastPlayMatchCnt":null,"model":{"wt_in_hi":[[[0.006193251261818788,0.0688232245681936],[0.26535002333169405,0.014257625053439076],[0.010566728494197701,0.02249871852358064],[0.052505102245639694,0.05212923026482025],[-0.0027765587295710895,0.09002002273679492],[0.19854359269361974,0.07209222520149319],[0.2567979892550575,0.12101654308574382],[0.23858185602393392,0.02602114254689689],[0.16391237131722433,0.06795515730935853],[0.22121332254305676,0.12350911310704879],[0.10106943875123338,0.1732402115619367],[0.058150453717346715,0.12295561269439378],[-0.0084204124321474,0.20563593770202238],[0.17826359821766816,-0.07208853354290236],[0.0737586535195248,-0.10399610221061521],[0.12361091246633249,0.18935974924719806]]],"wt_hi_hi":[[[0.5234097536522829,0.09117007226474903],[0.7007294807273304,0.3116008129935965]],[[0.09072523892685253,0.8850909328304524],[0.8512748550678345,0.12451057699772652]],[[0.3295222966052399,0.28622062875598875],[0.4005696111444874,0.35329407333646046]]],"wt_hi_out":[[[0.29986942095229024,0.4430677923251187,0.3028582063950101,0.8005124203842696],[0.44339094877875335,-0.28166984846949855,0.45596268469387474,0.5686137247151294]]],"i_hid":[[1.0106214594085634,0.6206145738631406],[0.964146736620437,0.28579082866679395],[0.3309543326617109,0.8891776261689401],[0.465802628447859,0.4087200476725984]],"i_out":[[0.3211836165490355,0.09133790542072318,0.32684454910444405,0.6058144166378822]],"learningRate":0.001,"activation":"ReLU"},"cols":4,"rows":2}