{"trainCnt":760,"matchCnt":307,"playCnt":1,"lastPlayTrainCnt":null,"lastPlayMatchCnt":null,"model":{"wt_in_hi":[[[0.0013366410570476526,0.062189633438751946],[0.26049341312692315,0.0076240339239972916],[0.005710118289426563,0.015865127394138867],[0.047648492040868476,0.045495639135378615],[-0.007633168934342233,0.0833864316073532],[0.19368698248884866,0.06545863407205148],[0.2519413790502866,0.11438295195630216],[0.23372524581916285,0.019387551417455146],[0.15905576111245326,0.06132156617991684],[0.21635671233828568,0.11687552197760685],[0.09621282854646206,0.16660662043249486],[0.05329384351257546,0.11632202156495186],[-0.01327702263691853,0.19900234657258054],[0.17340698801289708,-0.07872212467234407],[0.06890204331475348,-0.11062969334005693],[0.11875430226156133,0.18272615811775622]]],"wt_hi_hi":[[[0.512847801908042,0.089608154757132],[0.6901675289830895,0.3100388954859806]],[[0.09056894948568471,0.8731233530197602],[0.8511185656266654,0.1125429971870367]],[[0.4815228133455022,0.12209624276386861],[0.5525701278847505,0.1891696873443404]]],"wt_hi_out":[[[0.24549779705254127,0.5547842471182924,0.29628898609792165,0.7376129405360766],[0.3890193248790045,-0.1699533936763242,0.4493934643967863,0.5057142448669364]]],"i_hid":[[0.9020795294738959,0.4299814972115731],[0.7594263359906608,0.21422348549703663],[0.2511706896449114,0.6872066294410468],[0.5010317701363629,0.16039014706968835]],"i_out":[[0.18486452830480748,0.25086499695878545,0.22066781933626622,0.45097076711193756]],"learningRate":0.001,"activation":"ReLU"},"cols":4,"rows":2}