{"trainCnt":4330,"matchCnt":2289,"playCnt":5,"lastPlayTrainCnt":null,"lastPlayMatchCnt":null,"model":{"wt_in_hi":[[[0.09216336185556462,0.05131625990576844],[0.04462666185556491,0.17170925990576827],[0.004045361855565074,0.12668655990576838],[0.22965166185556438,0.11456585990576831],[0.07929326185556487,0.24506785990576824],[0.012274661855565088,0.10008475990576865],[0.25235686185556616,0.09620765990576866],[0.10790026185556431,0.03918485990576843],[0.1617009618555639,0.04574175990576843],[0.011130161855565096,0.08327925990576865],[0.11824946185556479,0.17115465990576825],[0.11537516185556432,0.06808795990576869],[0.1848972618555639,0.08798775990576865],[0.19647066185556392,0.12971845990576825],[0.17925806185556395,0.17844115990576823],[0.22033106185556448,0.20907785990576824]]],"wt_hi_hi":[[[0.2896647756534666,0.6797392461078664],[0.43156827565346656,0.07544864610786876]],[[0.5163809097384137,0.07569541202292329],[0.6724777097384137,0.5084142120229228]],[[0.6918492308458376,0.2797557909154954],[0.16029933084583628,0.2413257909154974]]],"wt_hi_out":[[[0.3091354743118583,-0.11302833381062188,0.2997632685168963,0.5713281127432023],[0.32269247431185843,0.21725076618937844,0.4209389685168955,0.7832005127432017]]],"i_hid":[[0.8323925587155189,0.7486280743396947],[0.5642452003596745,0.6223785353452075],[0.7099729789094331,0.35916405503618315],[0.5488291999717481,0.2853226409307539]],"i_out":[[0.2619525522322766,-0.00004668766604009472,0.284025021162315,0.537474725243932]],"learningRate":0.001},"cols":4,"rows":2}