{"trainCnt":3528,"matchCnt":1648,"playCnt":3,"lastPlayTrainCnt":null,"lastPlayMatchCnt":null,"model":{"wt_in_hi":[[[0.10813356559732955,0.06945771438374665],[0.020896565597329834,0.1208227143837465],[0.09037926559732955,0.12314921438374668],[0.22484666559732985,0.16505531438374713],[0.08452816559732955,0.03762491438374701],[0.14598266559732986,0.14607091438374717],[0.20408996559732986,0.09329051438374672],[0.08508036559732955,0.21085321438374713],[0.059070165597329964,0.11714751438374674],[0.11788426559732955,0.036908614383746985],[0.04226816559732977,0.13635551438374702],[0.04063476559732978,0.07895471438374671],[0.23147576559732985,0.12172731438374658],[0.021050565597329835,0.07373921438374664],[0.19421486559732987,0.11566291438374668],[0.15423786559732985,0.15105421438374714]]],"wt_hi_hi":[[[0.0950087750590906,0.23669670492198577],[0.6816593750590914,0.44360460492198617]],[[0.2128092389816392,0.589845040999436],[0.12308503898163978,0.3474524409994355]],[[0.4277375003618947,0.33984437961918246],[0.3285921003618954,0.8333373796191832]]],"wt_hi_out":[[[0.6122894302417634,0.46133408861556935,0.07404851509221332,0.3830549460315334],[0.24795103024176313,-0.10126451138443375,0.6152042150922125,0.8887108460315333]]],"i_hid":[[0.7196176189929185,0.6913881854438879],[0.5397511020414486,0.4770864427002196],[0.17365112221659693,0.4841719498529371],[0.23345474964155247,0.4624766693408026]],"i_out":[[0.257785884253123,0.0609035856159338,0.3020077913090101,0.5000930869913209]],"learningRate":0.001},"cols":4,"rows":2}