{"trainCnt":1101,"matchCnt":413,"playCnt":1,"lastPlayTrainCnt":null,"lastPlayMatchCnt":null,"model":{"wt_in_hi":[[[0.1607632680766671,0.09128054414388377],[0.13803398598864658,0.174640266405816],[0.2124691509975293,0.0953664772075913],[0.13283256592967413,0.09186057804415791],[0.1567976370910249,0.1355570478844881],[0.24876721605322324,0.23554763687932406],[0.12670352779135366,0.15943492889179794],[0.2830916243784013,0.24639160466838228],[0.27244512620374767,0.14484507509548006],[0.1313192418208764,0.18061650539938037],[0.18417691863081315,0.15505616727710206],[0.18273828942134193,0.16749352371497878],[0.23527202492654903,0.1109845159005494],[0.24684467191811135,0.21177626855769263],[0.17841865717838484,0.10413430626009647],[0.2256110850870461,0.14595211210353337]]],"wt_hi_hi":[[[0.6099325216912106,0.39859586978096406],[0.37729404502298985,0.518579906751493]],[[0.2645500434154447,0.3295544456745425],[0.1046894951744205,0.1451424113719312]],[[0.10998783148450676,0.6032691455206225],[0.39057147509861706,0.5691525537445506]]],"wt_hi_out":[[[0.49569613837612403,0.16577822211466417,0.4049731774203501,0.48708893235235273],[0.31964503216109486,0.042084298589002554,0.3502801464924522,0.5045598053915451]]],"i_hid":[[1.472100043370839,1.2034340820212717],[1.3523555755815784,1.211031890119043],[0.48470621612723486,0.6218707732831055],[0.2964038562529362,0.6463918271748892]],"i_out":[[0.35386637906822005,0.07640285530320837,0.3467713419482313,0.47002814519319447]],"learningRate":0.001,"activation":"ReLU"},"cols":4,"rows":2}