{"trainCnt":3474,"matchCnt":1825,"playCnt":4,"lastPlayTrainCnt":1355,"lastPlayMatchCnt":741,"model":{"wt_in_hi":[[[0.08280882331823569,0.04848037366726164],[0.035272123318235864,0.16887337366726185],[-0.0053091766817638854,0.1238506736672619],[0.220297123318236,0.11172997366726162],[0.06993872331823595,0.24223197366726182],[0.002920123318236152,0.09724887366726197],[0.24300232331823685,0.09337177366726197],[0.09854572331823538,0.03634897366726163],[0.15234642331823553,0.04290587366726163],[0.0017756233182361504,0.08044337366726197],[0.10889492331823569,0.16831877366726183],[0.10602062331823528,0.065252073667262],[0.17554272331823553,0.08515187366726197],[0.18711612331823554,0.12688257366726183],[0.16990352331823558,0.1756052736672618],[0.2109765233182361,0.20624197366726182]]],"wt_hi_hi":[[[0.286325070299736,0.6708885266857612],[0.42822857029973593,0.06659792668576323]],[[0.5105051398152666,0.06938075717023509],[0.6666019398152666,0.5020995571702332]],[[0.6943681349453864,0.2650464620401112],[0.16281823494538475,0.2266164620401135]]],"wt_hi_out":[[[0.352925466659986,-0.112996045384995,0.294761800069297,0.5233168756412129],[0.36648246665998613,0.2172830546150053,0.4159375000692962,0.7351892756412123]]],"i_hid":[[0.46390850746887563,0.4509603424826438],[0.3246785550970068,0.33859915123387],[0.38962498528608347,0.19152438457271115],[0.3007622781391788,0.14514008490996827]],"i_out":[[0.16005163772977107,-0.0024484670343899867,0.14968990539996896,0.26080331410801877]],"learningRate":0.01}}