{"trainCnt":3528,"matchCnt":1745,"playCnt":3,"lastPlayTrainCnt":null,"lastPlayMatchCnt":null,"model":{"wt_in_hi":[[[0.1230383798763351,-0.016195007037852715,0.16492791117012168,0.08961970606964968,0.11444536540281405,0.041680483976089214,0.013007925259401733,0.06366459072868866,-0.010555250658577837,0.002970664162919286,0.17065199349210503,0.05835422160504088,0.06162720311700883,0.10327017580463566,0.17225754116643163,0.14102790078430316],[-0.02641272012366465,0.010132392962147282,0.05196671117012125,0.09144780606964968,-0.013026634597186264,0.03585798397608922,0.1750916252594015,0.11431919072868868,0.034347949341422136,0.005573664162919242,0.19350369349210503,0.030357521605040835,0.1680523031170083,-0.014947624195364087,-0.0030021588335687726,0.09362140078430319],[0.03367397987633527,0.07716109296214702,0.05948811117012125,0.15490730606964995,0.1461839654028137,0.06921068397608966,0.026919825259401734,0.1490322907286903,0.0021053493414221382,0.07711956416291904,-0.01223920650789535,0.07220322160504075,0.08522880311700896,0.056820275804635875,0.029858141166431307,0.13026990078430314],[0.2112893798763357,0.07337009296214703,0.15739621117012167,0.08058750606964968,0.02289256540281369,-0.0030389160239106664,0.1134879252594017,0.1536947907286903,0.13363044934142249,0.1578126641629194,0.18105499349210502,0.03681362160504092,0.19879120311700832,0.044554475804635896,0.18429354116643165,0.19636860078430315],[0.15313437987633569,0.025690092962147228,0.023841511170121447,0.14255460606964995,0.09454006540281402,0.1247434839760892,0.1592634252594015,0.1251277907286903,-0.025011550658577776,0.09146246416291903,0.020830093492104667,0.19604252160504024,0.1604479031170083,0.05196977580463589,0.0025520411664312326,-0.02375909921569691],[0.03773167987633528,0.1237490929621471,0.03552501117012126,0.21081040606964993,0.1747097654028137,0.16508048397608946,0.04679152525940185,0.1922283907286903,0.0374682493414221,-0.014095535837080684,0.06830689349210459,0.06398542160504075,0.005983703117008788,0.21156307580463632,0.19678134116643164,0.20441440078430315],[0.10080187987633533,0.21378059296214794,0.16487291117012168,0.19384200606964994,0.11667156540281406,-0.021110116023910632,0.1351522252594015,0.13658469072869034,0.1335668493414225,-0.010026835837080679,0.05027779349210463,0.12093232160504065,0.05752480311700869,0.21506867580463632,0.04796714116643088,0.06940770078430318],[0.2052126798763357,0.19909819296214795,-0.007525088829878524,0.10925710606964968,-0.004117634597186292,0.17795068397608946,0.027950025259401736,-0.00035810927131088013,0.1715854493414225,0.002729064162919283,0.04148119349210459,0.21986932160504022,0.1894742031170083,0.013105275804635911,0.12099904116643169,0.14001880078430315],[0.1901822798763357,0.02803039296214721,0.06936991117012148,0.17651010606964998,0.10245136540281402,0.17519808397608946,0.20056492525940148,0.14255509072869033,0.1680065493414225,0.06710516416291903,0.22143359349210504,0.05168592160504094,0.01139180311700882,0.1195705758046356,-0.006009558833568783,0.18094990078430315],[0.20493957987633568,0.17328329296214798,0.11683511117012146,-0.024819293930350414,0.04388686540281362,0.18466858397608946,0.1304231252594015,0.01705479072868914,0.1525430493414225,0.1457768641629194,-0.01799360650789534,0.03937602160504091,0.02249700311700874,0.014682575804635912,0.16538724116643164,0.21892250078430314],[-0.0019590201236646247,0.09318719296214702,0.041682311170121264,0.05118430606964973,0.18177636540281367,0.030057983976089348,0.21638022525940148,0.05687649072868907,0.10585024934142206,-0.00358333583708072,-0.018864106507895342,-0.01388027839495915,0.18919170311700834,0.18109187580463632,0.06300224116643151,0.19684320078430315],[0.1689063798763357,0.16037629296214798,0.12287041117012154,0.08159140606964968,0.2220675654028137,0.05169548397608918,0.0297973252594018,0.18130299072869033,0.02471854934142221,0.019632964162919295,-0.007218006507895349,-0.0004447783949591992,0.2111419031170083,0.01811767580463591,0.14205354116643165,-0.007906999215696828],[0.03457017987633526,-0.01737070703785276,0.04353081117012125,0.13785790606964995,0.21401326540281368,0.12702558397608946,0.00004112525940176336,0.07188639072868866,0.07989994934142197,0.1978491641629194,0.17532469349210503,0.22618342160504024,0.011709803117008822,0.08436347580463566,0.04297074116643091,0.14765770078430315],[0.1943017798763357,0.17787979296214793,0.07909851117012148,0.00636860606964965,0.03601766540281363,0.20419168397608942,0.017340225259401734,0.18524259072869032,0.1624713493414225,0.08267926416291904,-0.01196640650789535,0.09961112160504075,0.10384910311700897,0.08233327580463566,0.05928194116643084,0.21335350078430315],[0.046604179876335264,0.17250299296214797,0.18362771117012167,0.15648500606964996,0.19005656540281368,0.0026389839760893297,0.17891882525940148,0.041825590728689035,-0.030730350658577786,0.05019826416291946,0.09262829349210458,0.17343462160504022,0.20792430311700832,0.18197997580463632,0.20741384116643163,0.11782220078430314],[0.0633411798763353,0.010911192962147282,0.15072951117012168,-0.013031493930350375,0.07292876540281402,0.04506678397608918,0.08091512525940167,0.1365925907286903,-0.003764150658577857,0.09211986416291904,0.0397265934921046,0.04736542160504093,0.07873070311700896,0.01740487580463591,0.21615804116643164,0.17417230078430315]]],