{"trainCnt":3975,"matchCnt":1919,"playCnt":6,"lastPlayTrainCnt":null,"lastPlayMatchCnt":null,"model":{"wt_in_hi":[[[0.06749255521577568,0.22585400305569223,-0.023925415403773513,-0.03605599741263406,0.171255536505092,0.10286166378110476,-0.009185726867117133,0.23147848788447406,0.24315360280165196,-0.03186784413935032,0.07055197360751558,0.17672044112255206,0.20862574285355412,-0.028850721853355535,0.16927062204836782,0.18211305001794467],[0.11294593996251251,0.021329797232288596,0.19841885324673944,-0.03029819404187205,0.12820983035325148,0.11358079190782808,0.06936964846124258,0.2463890393152311,0.25659112358645886,-0.014170422167994183,0.15806521400860551,0.04708912565186309,0.11485578757877957,-0.008097263847476313,0.08720362050119958,0.212586930494082],[0.28501887281417665,0.16472740536693542,0.11599584628720039,0.0049598456043412915,-0.0205836526248378,0.2290772284167122,0.013727451521867943,0.2275255123654895,0.24073720015159503,-0.014632057018856448,0.15377273016206378,0.166222679987088,0.0447104344316555,0.07202850926264548,-0.024222822195131426,-0.0011914650422163173],[0.22694792279775827,0.2983612514263043,0.13074900151679222,0.020642036338019188,0.13170525430492885,0.153544309183741,0.3063205669672269,0.14280894762389507,0.2786810139985023,0.040506477032354986,0.26666146843685173,0.21140878628644166,0.3072527298549896,0.21041921960255264,0.011264582123152825,0.20426458733277802],[0.3020448606591755,0.036750932048757685,0.01879113399854767,0.292601513845269,0.13861042918889782,0.0930684718748872,0.22439409534893168,0.1333096435763103,0.11257651548746345,0.27771567687100157,0.1304208733891392,0.011178445873582991,0.1460072112216243,0.3028742602133686,0.06997251997316539,0.2846004478576325],[0.13299782715822148,-0.03012667034449778,0.0045965126390635535,0.27723084548670124,0.13695152993858525,0.07423473370808414,0.1016936442930978,0.08897272728494154,0.2697385601927519,-0.03593292166342853,0.17976738619607965,0.07104657203995987,0.04181623445406656,0.31409138799812925,0.1338132833260283,-0.0016900265928780206],[0.30222870059800955,0.23380926486427608,-0.013244634148252573,0.043170423448379174,0.08139522873798488,0.22205217846220113,0.0728158041453171,0.05720699805124964,0.28517834666379205,-0.017418064565874407,0.1527562371965819,0.28827803221357523,-0.021107428897511552,0.19186572915254055,0.16943520505493156,0.20296635425255347],[0.18664177921988392,0.17577501232537807,0.11293662955557188,0.20384389250672846,0.13221287488001415,0.08135249941092945,0.3068810016398011,-0.03624495691804408,0.006225887245540629,0.21879319526751473,0.10391829232136646,0.23382708540922476,0.12137940705804992,0.17169082472020372,0.18021295996028605,0.25008802055858487],[0.17518674470413761,0.22215877530457262,0.2632466415160157,0.15472917748443088,-0.007641994754630839,0.007953143013839913,0.16417912750978841,-0.009348438359129213,0.21277340203090248,-0.019436264786295676,-0.026438667853401245,0.08995848149151106,0.29464939019870934,0.2934180063716992,0.18205761868998707,0.14071955564645552],[0.24700581571045033,0.1581923683801156,0.25791345800995047,0.21810080027466666,-0.041000131821542884,0.13386517056056682,0.2085759066363564,0.16065048263860948,0.10150846223633471,0.03017032559803305,0.2775051453893634,0.0188377195019323,0.07325481898973266,0.24648156896923473,0.10052741681677693,0.1314671160633865],[0.04455587082959839,-0.023391135365092276,-0.0342695446643768,0.038038774852503905,0.22181145640603767,0.22802525514483968,-0.004216340921456499,0.005435658068738867,0.10276629660810711,0.11443736135636191,0.2616475228133189,-0.023319047996729642,0.041420432711749354,0.13530052486889363,0.009648842830755166,0.12030549362373555],[0.21885248087186568,0.19193191679357485,-0.029631164517414092,0.04657927519840956,-0.03812179802824317,0.28434850891508123,0.17687252662049124,0.1086591282122786,0.2532560402546893,0.12223451316267647,0.313538451049212,0.1629293273913453,0.14144291273885534,-0.0009106817414839075,0.2034538226599079,0.293129539407833],[0.14476619726265616,0.14847769659089882,0.03625890844509573,0.3028293011441109,0.09006331270923562,0.014618332287431724,0.12603418910073694,-0.011057214434668484,0.11721097832704178,0.24918380393349976,0.05221006233477262,0.25622100732303216,0.12270299937709256,0.2554806093285556,0.1215347922757609,0.16632117246897005],[0.11264931931754564,-0.00270840275343976,0.034914299176611374,0.2237219707079559,0.1326291267513232,0.2680582018946749,0.04547850173039116,0.2102203182580859,0.1956459314698023,0.07181813332945268,-0.011509694746868623,0.00634861518617802,0.014162809201362581,-0.03324418499059583,0.027802444802571706,0.08262352362233168],[-0.021057601423948434,0.07989529324846115,0.13836266575336417,0.09937860162011054,0.19073179517023925,0.13148054359203873,0.2581540144467273,0.18206536684777946,0.22703507433680392,0.04779418059807015,0.26959588576662713,0.09231430187910797,0.2464414804662698,0.0362556097620435,-0.022339371211073572,-0.03742032065892988],[0.08764838876750558,0.2186723001973232,0.27863649050305,0.1839719312625352,0.08161469108719074,0.07233995817649691,0.16258099743877286,-0.02132475526996658,0.06610294087414392,0.22193746657930719,0.18428430089840067,0.03215752994252899,0.02902625483134471,0.17333811026397525,0.04354289371770916,-0.02124370162533644]]],