{"trainCnt":2183,"matchCnt":1066,"playCnt":3,"lastPlayTrainCnt":null,"lastPlayMatchCnt":null,"model":{"wt_in_hi":[[[0.06787689422477662,0.22637680115367534,-0.023216017626348784,-0.03598434994156947,0.1719478994452658,0.10337454555596766,-0.009453300462691275,0.23190060252019756,0.24302479524223058,-0.0312747318205902,0.07129708365798818,0.17721305531293138,0.20899138812883356,-0.028787996120948702,0.1696336256663672,0.182602412706195],[0.11333027897151345,0.02185259533027147,0.19912825102416334,-0.03022654657080749,0.12890219329342528,0.11409367368269098,0.06910207486566858,0.2468111539509546,0.2564623160270364,-0.013577309849234147,0.15881032405907766,0.04758173984224278,0.1152214328540582,-0.008034538115069505,0.08756662411919897,0.21307629318233234],[0.2854032118231778,0.16525020346491853,0.11670524406462537,0.005031493075405885,-0.019891289684664644,0.22959011019157569,0.0134598779262938,0.227947627001213,0.24060839259217365,-0.014038944700096413,0.15451784021253592,0.16671529417746733,0.04507607970693429,0.07209123499505216,-0.023859818577132035,-0.0007021023539658291],[0.2273322618067589,0.29888404952428416,0.13145839929421613,0.020713683809083748,0.13239761724510266,0.1540571909586045,0.30605299337165237,0.14323106225961854,0.27855220643907985,0.04109958935111511,0.2674065784873254,0.211901400476821,0.3076183751302674,0.21048194533495918,0.011627585741152182,0.20475395002102836],[0.30242919966817666,0.037273730146740666,0.0195005317759724,0.29267316131633353,0.13930279212907162,0.09358135364975011,0.2241265217533575,0.1337317582120338,0.11244770792804241,0.2783087891897615,0.13116598343961136,0.011671060063962761,0.14637285649690374,0.30293698594577567,0.07033552359116478,0.2850898105458829],[0.1333821661672221,-0.02960387224651491,0.005305910416488241,0.27730249295776577,0.13764389287875906,0.07474761548294705,0.10142607069752381,0.08939484192066498,0.2696097526333294,-0.035339809344668405,0.1805124962465518,0.0715391862303399,0.042181879729345347,0.3141541137305363,0.13417628694402767,-0.00120066390462753],[0.3026130396070107,0.2343320629622592,-0.012535236370827887,0.043242070919443765,0.08208759167815814,0.22256506023706463,0.0725482305497431,0.05762911268697279,0.2850495391043696,-0.016824952247114396,0.15350134724705405,0.28877064640395467,-0.02074178362223272,0.1919284548849471,0.16979820867293094,0.2034557169408038],[0.18702611822888454,0.17629781042336118,0.11364602733299686,0.20391553997779316,0.13290523782018795,0.08186538118579235,0.30661342804422653,-0.03582284228232094,0.006097079686119376,0.21938630758627484,0.10466340237183905,0.23431969959960408,0.12174505233332857,0.17175355045261026,0.18057596357828543,0.25057738324683554],[0.17557108371313823,0.22268157340255573,0.2639560392934406,0.15480082495549558,-0.006949631814457598,0.008466024788703012,0.16391155391421425,-0.00892632372340605,0.2126445944714811,-0.018843152467535665,-0.02569355780292845,0.0904510956818911,0.29501503547398716,0.29348073210410625,0.18242062230798645,0.14120891833470586],[0.24739015471945094,0.15871516647809872,0.25862285578737537,0.21817244774573136,-0.04030776888136968,0.13437805233543032,0.20830833304078222,0.16107259727433296,0.10137965467691368,0.030763437916793063,0.27825025543983706,0.01933033369231208,0.07362046426501129,0.24654429470164127,0.10089042043477632,0.13195647875163685],[0.04494020983859923,-0.022868337267109403,-0.0335601468869522,0.038110422323568496,0.22250381934621147,0.22853813691970318,-0.004483914517030671,0.005857772704461994,0.10263748904868608,0.11503047367512209,0.26239263286379255,-0.022826433806349862,0.04178607798702814,0.13536325060130017,0.010011846448754523,0.12079485631198603],[0.2192368198808663,0.19245471489155797,-0.028921766739989363,0.046650922669474154,-0.037429435088069965,0.28486139068994415,0.17660495302491708,0.10908124284800204,0.2531272326952668,0.12282762548143665,0.3142835610996857,0.16342194158172463,0.14180855801413478,-0.0008479560090770864,0.2038168262779073,0.2936189020960834],[0.14515053627165678,0.14900049468888193,0.036968306222520335,0.3029009486151754,0.09075567564940888,0.015131214062294823,0.12576661550516277,-0.010635099798945322,0.11708217076762074,0.24977691625225965,0.052955172385245414,0.2567136215134116,0.12306864465237119,0.25554333506096266,0.12189779589376029,0.16681053515722039],[0.11303365832654658,-0.002185604655456883,0.03562369695403598,0.2237936181790206,0.133321489691497,0.2685710836695378,0.04521092813481695,0.21064243289380938,0.19551712391038092,0.07241124564821286,-0.010764584696395877,0.006841229376557769,0.014528454476641358,-0.03318145925818901,0.028165448420571098,0.08311288631058215],[-0.020673262414947637,0.08041809134644419,0.13907206353078808,0.09945024909117507,0.19142415811041305,0.13199342536690223,0.25788644085115275,0.18248748148350297,0.22690626677738254,0.04838729291683027,0.2703409958171008,0.092806916069488,0.24680712574154923,0.03631833549445032,-0.02197636759307418,-0.0369309579706794],[0.08803272777650652,0.2191950982953063,0.2793458882804749,0.1840435787335999,0.082307054027364,0.07285283995135981,0.1623134238431987,-0.020902640634243498,0.06597413331472289,0.2225305788980673,0.18502941094887282,0.032650144132908676,0.029391900106623542,0.17340083599638179,0.04390589733570845,-0.020754338937085937]]],