{"trainCnt":1265,"matchCnt":673,"playCnt":3,"lastPlayTrainCnt":null,"lastPlayMatchCnt":null,"model":{"wt_in_hi":[[[0.03224989526531398,0.03296002318863004,0.21442211868559383,0.10554078793528648,0.049917587623401496,0.08259190057025755,0.11677400190524499,0.025403577989880407,0.06846737934340646,0.10295073134937041,0.21440930769256303,-0.010345422510138985,0.08426279080769754,0.14390551975245386,0.19439960954792682,0.06116502154853594],[0.06115149526531405,0.21148172318863023,0.2168037186855938,0.10527698793528648,0.22559488762340152,0.05598850057025747,0.03549140190524516,0.006784377989880398,0.01542747934340658,0.0881730313493704,0.0983979076925632,0.046022077489861035,0.17780129080769805,0.17825601975245386,0.1940201095479268,-0.00566317845146408],[0.20843429526531423,0.11844082318862989,0.21332861868559383,0.11424818793528647,0.1324195876234015,0.22361030057025785,-0.006363998094754805,0.013283577989880417,0.00773797934340649,0.19811653134936993,0.02383230769256314,0.026859277489861028,0.21971409080769805,-0.021693280247545903,0.03567590954792683,0.10859822154853606],[0.10593339526531424,-0.02729217681137004,0.05305881868559415,0.06496438793528643,0.01577678762340139,0.013803400570257494,-0.021641298094754697,0.1779120779898809,0.11118637934340642,0.12999323134936994,0.17047050769256306,0.11244287748986115,0.12778149080769804,0.0946187197524541,0.109990509547927,0.045217821548535944],[-0.021224804734685947,0.15530262318863025,0.16183131868559383,0.07168238793528643,0.028009987623401414,0.14877630057025784,0.09400700190524511,0.0005143779898804,0.08945457934340648,0.007386331349370249,0.16019210769256303,0.1389310774898607,0.04890559080769786,0.19959561975245388,0.2117049095479268,0.053529421548535946],[0.22739879526531423,0.16375972318863025,0.00970441868559404,0.1925878879352867,0.1338346876234015,0.07036820057025756,-0.008356198094754819,0.03307707798988043,-0.013134920656593498,0.18936783134936994,0.17970120769256304,-0.01732152251013897,0.08166079080769752,0.15046171975245387,0.10810180954792697,0.16659812154853576],[0.17116139526531424,0.12315742318862997,0.03577491868559413,0.1241987879352868,0.04876738762340149,-0.0178539994297425,0.047106801905245174,0.02136597798988042,0.08801537934340647,0.0681106313493704,0.043523707692563154,0.2158905774898607,0.15117009080769803,0.05448681975245413,0.122945109547927,-0.021923978451464148],[0.14611729526531428,0.18347672318863023,0.07969811868559393,0.1466234879352867,0.09774758762340163,0.03100010057025748,0.22091630190524547,0.07987897798988015,0.12807147934340632,0.08080313134937041,0.016560707692563164,0.05147417748986103,0.04184659080769785,0.14438081975245387,0.056199609547926764,0.13067912154853575],[0.21110719526531427,0.13243232318863024,-0.016976981314405924,0.12000458793528651,0.1990092876234015,0.16386950057025781,0.051026901905245184,0.1733340779898809,0.1915779793434063,0.0693581313493704,-0.019658092307436845,0.0895264774898612,0.12242829080769746,0.21844381975245386,0.14800690954792683,0.17609292154853576],[0.011705195265314015,0.17723822318863025,0.05841651868559413,0.1566267879352867,0.030950687623401422,0.009294900570257503,0.15753450190524548,0.12240307798988039,0.1302185793434063,0.0012665313493702465,0.036212507692563164,0.02874377748986102,0.17946189080769803,0.0627407197524541,0.21864080954792683,0.21191362154853577],[0.21280299526531424,0.034999723188630046,0.07740961868559393,-0.0020461120647134977,0.07257068762340163,0.055064600570257465,0.22002060190524547,0.11259547798988027,0.09373317934340647,0.18626003134936994,0.20142660769256304,0.07023037748986119,0.13187059080769803,0.042334219752454175,-0.000881290452073214,0.14701882154853577],[0.14256069526531426,0.20655842318863024,0.21774611868559382,0.2008287879352867,0.1731945876234015,0.07354350057025755,0.00022040190524520993,0.0073823779898804275,-0.02238622065659342,0.10689603134937044,0.034698007692563176,0.0785087774898612,0.17818719080769804,0.018974119752454097,0.16435340954792682,0.21204952154853576],[0.09584319526531425,0.06300422318862998,0.04011951868559413,0.017793887935286516,0.08517968762340163,0.22170390057025782,0.17866610190524548,0.1882723779898809,0.1851302793434063,0.14246513134936997,0.0984004076925632,0.1363230774898607,0.0023716908076977347,-0.01681048024754592,0.04207970954792679,0.16516032154853577],[0.04708929526531398,0.18713802318863024,0.05467151868559414,0.2017236879352867,0.11148878762340163,0.22380100057025784,0.045507901905245174,0.1666803779898809,0.11032547934340643,0.19790323134936996,0.15184290769256303,0.1690849774898607,-0.005086209192302279,-0.011585980247545891,0.1596282095479268,0.10489232154853599],[0.20139879526531426,0.12303862318862997,0.03926101868559413,0.029540387935286534,0.16426178762340152,-0.013084999429742505,0.0672954019052451,0.18565157798988088,0.010960679343406514,-0.016067468650629708,-0.009179592307436864,0.08736507748986119,0.018705290807697707,0.18562021975245385,0.11321040954792704,0.01936172154853589],[0.15399749526531423,0.04005532318863005,0.08467351868559395,0.07634068793528644,0.2212824876234015,0.07179060057025755,-0.004719198094754797,0.10831097798988022,0.20437797934340632,0.12519923134936997,0.15428860769256303,0.0726570774898612,0.13539639080769802,0.1958451197524539,0.027530409547926758,0.21903702154853577]]],