{"trainCnt":1823,"matchCnt":894,"playCnt":1,"lastPlayTrainCnt":null,"lastPlayMatchCnt":null,"model":{"wt_in_hi":[[[0.12339902085386613,-0.01608386439364106,0.16511390716702903,0.08979587953671193,0.11468437933589874,0.04191776118652048,0.013241752986083783,0.06394587830667973,-0.010323854997831686,0.003207330851605619,0.17075687927537242,0.05860149141753075,0.06181976771854095,0.10341189686679396,0.1723822003329067,0.14120283654247953],[-0.026052079146133625,0.010243535606358899,0.05215270716702895,0.09162397953671193,-0.012787620664101414,0.03609526118652048,0.17532545298608357,0.11460047830667976,0.03457934500216827,0.005810330851605596,0.19360857927537242,0.03060479141753073,0.16824486771854105,-0.014805903133205858,-0.0028774996670933666,0.09379633654247944],[0.0340346208538664,0.07727223560635876,0.05967410716702895,0.155083479536712,0.14642297933589896,0.06944796118652069,0.027153652986083757,0.14931357830668046,0.002336745002168305,0.07735623085160571,-0.012134320724627692,0.07245049141753084,0.08542136771854099,0.056961996866794054,0.029982800332906664,0.13044483654247951],[0.2116500208538663,0.07348123560635877,0.15758220716702903,0.08076367953671193,0.02313157933589855,-0.0028016388134795285,0.11372175298608367,0.15397607830668048,0.1338618450021683,0.15804933085160558,0.18115987927537242,0.037060891417530786,0.19898376771854107,0.044696196866794075,0.1844182003329067,0.19654353654247952],[0.1534950208538663,0.02580123560635891,0.02402750716702914,0.142730779536712,0.09477907933589871,0.12498076118652017,0.15949725298608355,0.12540907830668047,-0.024780154997831625,0.0916991308516057,0.02093497927537234,0.19628979141753053,0.16064046771854104,0.05211149686679407,0.002676700332906641,-0.023584163457520624],[0.038092320853866414,0.1238602356063589,0.03571100716702896,0.210986579536712,0.17494877933589895,0.16531776118652033,0.04702535298608387,0.19250967830668048,0.037699645002168235,-0.013858869148394395,0.0684117792753723,0.06423269141753084,0.006176267718540945,0.2117047968667946,0.1969060003329067,0.20458933654247952],[0.10116252085386634,0.21389173560635916,0.16505890716702903,0.194018179536712,0.11691057933589875,-0.020872838813479518,0.13538605298608355,0.1368659783066805,0.1337982450021683,-0.009790169148394392,0.05038267927537228,0.12117959141753074,0.057717367718540906,0.2152103968667946,0.04809180033290639,0.06958263654247944],[0.20557332085386631,0.19920933560635914,-0.007339092832970886,0.10943327953671193,-0.003878620664101413,0.17818796118652033,0.02818385298608376,-0.00007682169332010481,0.17181684500216832,0.0029657308516056156,0.041586079275372244,0.2201165914175305,0.18966676771854105,0.01324699686679414,0.12112370033290701,0.14019373654247952],[0.19054292085386632,0.028141535606358892,0.06955590716702918,0.17668627953671204,0.10269037933589871,0.17543536118652034,0.20079875298608355,0.1428363783066805,0.16823794500216832,0.06734183085160571,0.22153847927537243,0.051933191417530805,0.011584367718540958,0.11971229686679391,-0.005884899667093379,0.18112483654247952],[0.2053002208538663,0.17339443560635917,0.11702110716702918,-0.024643120463288072,0.044125879335898566,0.18490586118652033,0.13065695298608357,0.017336078306679936,0.1527744450021683,0.1460135308516056,-0.017888720724627667,0.03962329141753078,0.022689567718540842,0.014824296866794134,0.1655119003329067,0.2190974365424795],[-0.0015983791461336,0.09329833560635876,0.04186830716702897,0.051360479536711995,0.18201537933589895,0.030295261186520463,0.21661405298608355,0.05715777830667993,0.10608164500216831,-0.0033466691483943914,-0.01875922072462767,-0.01363300858246923,0.18938426771854108,0.1812335968667946,0.06312690033290683,0.19701813654247952],[0.1692670208538663,0.16048743560635917,0.12305640716702926,0.08176757953671193,0.22230657933589895,0.051932761186520446,0.030031152986083765,0.1815842783066805,0.024949945002168364,0.01986963085160565,-0.007113120724627678,-0.00019750858246926113,0.21133446771854106,0.018259396866794172,0.1421782003329067,-0.007732063457520599],[0.034930820853866396,-0.01725956439364108,0.043716807167028957,0.138034079536712,0.21425227933589897,0.12726286118652033,0.0002749529860837977,0.07216767830667974,0.08013134500216822,0.19808583085160558,0.17542957927537242,0.22643069141753053,0.01190236771854096,0.08450519686679396,0.04309540033290642,0.14783263654247952],[0.1946624208538663,0.17799093560635915,0.07928450716702919,0.0065447795367119645,0.03625667933589857,0.2044289611865203,0.01757405298608376,0.1855238783066805,0.1627027450021683,0.08291593085160572,-0.011861520724627692,0.09985839141753083,0.104041667718541,0.08247499686679396,0.059406600332906345,0.21352843654247952],[0.0469648208538664,0.17261413560635916,0.18381370716702902,0.15666117953671202,0.19029557933589897,0.002876261186520467,0.17915265298608354,0.0421068783066799,-0.030498954997831635,0.050434930851605775,0.0927331792753723,0.17368189141753052,0.20811686771854107,0.1821216968667946,0.2075385003329067,0.1179971365424794],[0.0637018208538663,0.011022335606358898,0.15091550716702903,-0.012855320463288068,0.07316777933589871,0.045304061186520445,0.08114895298608364,0.13687387830668046,-0.003532754997831695,0.09235653085160571,0.03983147927537225,0.0476126914175308,0.07892326771854098,0.01754659686679417,0.2162827003329067,0.17434723654247952]]],