{"trainCnt":3078,"matchCnt":1621,"playCnt":4,"lastPlayTrainCnt":null,"lastPlayMatchCnt":null,"model":{"wt_in_hi":[[[0.031897598905823506,0.03239409754134841,0.2140742407082227,0.10496377758615064,0.049818098872988346,0.0821476291471697,0.11612449306630541,0.024981046085561107,0.06805760640540695,0.10253595904778359,0.2141762952922832,-0.01088886407461479,0.08398678330170135,0.1434145514597648,0.19400897828634855,0.06063445650179109],[0.060799198905823575,0.21091579754134898,0.21645584070822269,0.10469997758615063,0.22549539887298825,0.055544229147170034,0.0348418930663052,0.0063618460855611614,0.015017706405407352,0.08775825904778359,0.09816489529228324,0.045478635925385154,0.17752528330170206,0.17776505145976482,0.19362947828634855,-0.006193743498208975],[0.20808199890582382,0.117874897541348,0.2129807407082227,0.11367117758615061,0.13232009887298823,0.22316602914717062,-0.0070135069336947796,0.012861046085561174,0.007328206405407278,0.1977017590477835,0.023599295292282982,0.026315835925385087,0.21943808330170203,-0.02218424854023488,0.03528527828634905,0.10806765650179108],[0.10558109890582368,-0.02785810245865172,0.052710940708223866,0.06438737758615057,0.015677298872988306,0.013359129147169996,-0.022290806933694705,0.17748954608556172,0.1107766064054069,0.1295784590477835,0.17023749529228321,0.11189943592538566,0.12750548330170206,0.09412775145976482,0.10959987828634915,0.044687256501791096],[-0.021577101094176585,0.154736697541349,0.1614834407082227,0.07110537758615057,0.027910498872988326,0.1483320291471706,0.09335749306630553,0.00009184608556115022,0.08904480640540696,0.006971559047783754,0.1599590952922832,0.13838763592538478,0.04862958330170195,0.19910465145976483,0.21131427828634855,0.0529988565017911],[0.22704649890582382,0.163193797541349,0.009356540708223686,0.1920108775861509,0.13373519887298824,0.06992392914716972,-0.009005706933694822,0.03265454608556131,-0.013544693594592707,0.1889530590477835,0.1794681952922832,-0.017864964074614912,0.08138478330170133,0.14997075145976482,0.10771117828634913,0.16606755650179061],[0.17080909890582383,0.12259149754134809,0.03542704070822385,0.12362177758615109,0.04866789887298834,-0.018298270852829993,0.046457293066305215,0.020943446085561118,0.08760560640540696,0.06769585904778358,0.04329069529228314,0.2153471359253848,0.15089408330170204,0.05399585145976513,0.12255447828634916,-0.022454543498208992],[0.14576499890582387,0.18291079754134898,0.07935024070822351,0.1460464775861509,0.09764809887298848,0.030555829147169967,0.2202667930663052,0.07945644608556074,0.12766170640540733,0.08038835904778359,0.016327695292283007,0.050930735925385155,0.04157058330170194,0.14388985145976482,0.05580897828634899,0.1301485565017906],[0.21075489890582386,0.131866397541349,-0.01732485929177623,0.11942757758615066,0.19890979887298824,0.1634252291471706,0.050377393066305225,0.17291154608556172,0.19116820640540733,0.06894335904778358,-0.019891104707717003,0.08898303592538571,0.12215228330170128,0.2179528514597648,0.14761627828634857,0.1755623565017906],[0.011352898905823371,0.176672297541349,0.058068640708223845,0.1560497775861509,0.03085119887298829,0.008850629147170004,0.1568849930663052,0.12198054608556097,0.12980880640540732,0.0008517590477837303,0.03597949529228315,0.028200335925385085,0.17918588330170201,0.062249751459764815,0.21825017828634857,0.21138305650179062],[0.21245069890582383,0.03443379754134841,0.07706174070822351,-0.002623122413849277,0.07247119887298847,0.05462032914717003,0.2193710930663052,0.11217294608556086,0.09332340640540696,0.1858452590477835,0.2011935952922832,0.0696869359253857,0.131594583301702,0.041843251459765175,-0.0012719217136510758,0.14648825650179062],[0.14220839890582385,0.205992497541349,0.2173982407082227,0.2002517775861509,0.17309509887298824,0.07309922914716971,-0.00042910693369476675,0.0069598460855611975,-0.022795993594592626,0.10648125904778362,0.03446499529228316,0.07796533592538571,0.17791118330170205,0.018483151459765118,0.16396277828634856,0.21151895650179062],[0.09549089890582368,0.06243829754134803,0.039771640708223845,0.01721687758615078,0.08508019887298847,0.2212596291471706,0.1780165930663052,0.1878498460855617,0.18472050640540733,0.14205035904778354,0.09816739529228324,0.13577963592538478,0.002095683301701765,-0.017301448540234896,0.04168907828634901,0.16462975650179063],[0.04673699890582351,0.18657209754134899,0.054323640708223854,0.2011466775861509,0.11138929887298847,0.2233567291471706,0.044858393066305215,0.1662578460855617,0.10991570640540692,0.19748845904778353,0.1516098952922832,0.1685415359253848,-0.005362216698298266,-0.012076948540234911,0.15923757828634855,0.10436175650179101],[0.20104649890582385,0.12247269754134808,0.038913140708223846,0.028963377586150793,0.16416229887298825,-0.013529270852830004,0.06664589306630553,0.1852290460855617,0.010550906405407305,-0.016482240952216183,-0.009412604707716965,0.0868216359253857,0.01842928330170175,0.1851292514597648,0.11281977828634918,0.018831156501791044],[0.15364519890582382,0.03948939754134842,0.08432564070822353,0.07576367758615057,0.22118299887298823,0.07134632914716971,-0.005368706933694771,0.10788844608556081,0.20396820640540733,0.12478445904778353,0.1540555952922832,0.07211363592538571,0.13512038330170204,0.19535415145976484,0.027139778286348944,0.21850645650179062]]],