{"trainCnt":4926,"matchCnt":2338,"playCnt":7,"lastPlayTrainCnt":null,"lastPlayMatchCnt":null,"model":{"wt_in_hi":[[[0.06686654837590256,0.22518103858125,-0.02480628478350869,-0.036465594980261744,0.17061658842522942,0.10218143654640528,-0.009441398068534609,0.2309239689910768,0.2429514122323445,-0.03253054226947316,0.06972293855058005,0.17602598992286905,0.20798788672637808,-0.029233663053545817,0.16870264813876792,0.1815258282878022],[0.11231993312263938,0.020656832757846317,0.1975379838670044,-0.030707791609499904,0.1275708822733889,0.1129005646731286,0.06911397725982522,0.24583452042183385,0.2563889330171514,-0.014833120298117088,0.1572361789516696,0.04639467445218019,0.11421793145160432,-0.008480205047666577,0.0866356465915997,0.21199970876393953],[0.2843928659743029,0.1640544408924932,0.11511497690746525,0.004550248036713464,-0.021222600704700504,0.2283970011820131,0.013471780320450467,0.22697099347209226,0.24053500958228757,-0.015294755148979353,0.15294369510512787,0.165528228787405,0.044072578304480116,0.07164556806245546,-0.024790796104731394,-0.0017786867723592953],[0.2263219159578854,0.29768828695186167,0.1298681321370572,0.020232438770391336,0.13106630622506626,0.1528640819490419,0.30606489576580864,0.14225442873049782,0.27847882342919483,0.039843778902232146,0.2658324333799161,0.21071433508675866,0.3066148737278146,0.21003627840236241,0.010696608213552835,0.20367736560263555],[0.3014188538193018,0.03607796757431545,0.017910264618812493,0.2921919162776416,0.13797148110903523,0.09238824464018773,0.22413842414751436,0.13275512468291306,0.11237432491815581,0.2770529787408786,0.1295918383322033,0.010483994673900062,0.14536935509444826,0.3024913190131786,0.06940454606356551,0.2840132261274896],[0.1323718203183486,-0.030799634818940057,0.0037156432593283563,0.2768212479190738,0.13631258185872266,0.07355450647338467,0.10143797309168044,0.08841820839154449,0.2695363696234444,-0.036595619793551366,0.17893835113914375,0.07035212084027684,0.041178378326891175,0.31370844679793924,0.1332453094164284,-0.002277248323020995],[0.3016026937581358,0.23313630038983385,-0.014125503527987752,0.04276082588075149,0.08075628065812228,0.22137195122750203,0.07256013294389975,0.05665247915785266,0.28497615609448457,-0.01808076269599733,0.151927202139646,0.28758358101389214,-0.021745285024686922,0.19148278795235033,0.16886723114533167,0.202379132522411],[0.18601577238001105,0.17510204785093583,0.11205576017583674,0.2034342949391005,0.13157392680015156,0.08067227217622998,0.3066253304383828,-0.03679947581144106,0.006023696676232958,0.21813049713739163,0.10308925726443093,0.23313263420954175,0.12074155093087467,0.1713078835200135,0.17964498605068616,0.24950079882844192],[0.17456073786426474,0.2214858108301304,0.2623657721362807,0.15431957991680292,-0.008280942834493519,0.007272915779140611,0.1639234563083711,-0.009902957252526249,0.21257121146159502,-0.0200989629164186,-0.027267702910336818,0.08926403029182803,0.29401153407153435,0.2930350651715092,0.18148964478038718,0.14013233391631305],[0.24637980887057745,0.15751940390567337,0.2570325886302155,0.2176912027070387,-0.0416390799014056,0.13318494332586772,0.20832023543493908,0.16009596374521223,0.10130627166702708,0.02950762746791013,0.2766761103324277,0.018143268302249382,0.07261696286255741,0.2460986277690445,0.09995944290717705,0.13087989433324404],[0.043929863989725426,-0.024064099839534555,-0.03515041404411203,0.03762917728487622,0.22117250832617508,0.22734502791014058,-0.004472012122873987,0.004881139175341821,0.10256410603879948,0.1137746632262388,0.2608184877563832,-0.02401349919641256,0.04078257658457397,0.1349175836687034,0.009080868921155175,0.11971827189359242],[0.2182264740319928,0.19125895231913262,-0.03051203389714927,0.04616967763078188,-0.038760746108105884,0.2836682816803815,0.17661685541907393,0.10810460931888155,0.2530538496853818,0.12157181503255336,0.31270941599227636,0.1622348761916623,0.1408050566116793,-0.001293622941674159,0.20288584875030802,0.29254231767769007],[0.14414019042278328,0.1478047321164566,0.0353780390653605,0.30241970357648346,0.08942436462937302,0.013938105052732413,0.12577851789931963,-0.01161173332806552,0.11700878775773414,0.24852110580337666,0.05138102727783691,0.25552655612334907,0.12206514324991731,0.2550976681283656,0.12096681836616102,0.16573395073882757],[0.11202331247767251,-0.0033813672278820176,0.034033429796876145,0.22331237314032795,0.13199017867146062,0.26737797465997515,0.045222830528973676,0.20966579936468865,0.19544374090049485,0.07115543519932957,-0.012338729803804184,0.005654163986495101,0.013524953074187196,-0.033627126190786026,0.027234470892971742,0.08203630189218855],[-0.02168360826382151,0.07922232877401886,0.13748179637362914,0.09896900405248264,0.19009284709037666,0.13080031635733963,0.257898343245309,0.18151084795438222,0.22683288376749647,0.04713148246794731,0.2687668507096915,0.09161985067942494,0.24580362433909375,0.0358726685618533,-0.022907345120673536,-0.03800754238907286],[0.08702238192763245,0.21799933572288097,0.27775562112331503,0.18356233369490724,0.08097574300732814,0.07165973094179744,0.16232532623735554,-0.021879274163363657,0.06590075030483629,0.2212747684491841,0.18345526584146477,0.031463078742846096,0.02838839870416934,0.17295516906378502,0.04297491980810921,-0.021830923355479422]]],