{"trainCnt":995,"matchCnt":525,"playCnt":2,"lastPlayTrainCnt":null,"lastPlayMatchCnt":null,"model":{"wt_in_hi":[[[0.032040471086410685,0.032725020403572204,0.21423585890525057,0.10531970267138649,0.04983981853285972,0.08243701146193942,0.1166560119065205,0.02524694677349507,0.06834317134649018,0.10277028827987296,0.21429842204894997,-0.010495395339337705,0.08418633254542889,0.14383901383924763,0.19431912868931184,0.06103216669538557],[0.060942071086410754,0.21124672040357234,0.21661745890525055,0.10505590267138648,0.22551711853285966,0.055833611461939284,0.03537341190652077,0.00662774677349506,0.015303271346490266,0.08799258827987295,0.09828702204895005,0.04587210466066233,0.17772483254542934,0.17818951383924764,0.19393962868931183,-0.005796033304614428],[0.2082248710864108,0.11820582040357207,0.21314235890525057,0.11402710267138648,0.13234181853285965,0.22345541146193965,-0.006481988093479243,0.013126946773495074,0.007613771346490183,0.1979360882798726,0.023721422048950044,0.026709304660662316,0.21963763254542934,-0.021759786160752376,0.035595428689311995,0.10846536669538573],[0.10572397108641077,-0.027527179596427885,0.05287255890525093,0.06474330267138644,0.01569901853285962,0.013648511461939287,-0.021759288093479164,0.17775544677349525,0.11106217134649013,0.1298127882798726,0.17035962204895,0.11229290466066234,0.12770503254542934,0.09455221383924764,0.1099100286893121,0.04508496669538557],[-0.021434228913589284,0.15506762040357236,0.16164505890525058,0.07146130267138644,0.027932218532859644,0.14862141146193963,0.09388901190652062,0.0003577467734950569,0.08933037134649019,0.007205888279872833,0.16008122204894998,0.13878110466066199,0.048829132545429185,0.19952911383924765,0.21162442868931183,0.053396566695385575],[0.2271893710864108,0.16352472040357235,0.009518158905250781,0.1923668026713867,0.13375691853285965,0.07021331146193943,-0.008474188093479256,0.03292044677349507,-0.01325912865350981,0.1891873882798726,0.17959032204894998,-0.017471495339337683,0.08158433254542886,0.15039521383924764,0.10802132868931208,0.16646526669538547],[0.1709519710864108,0.12292242040357215,0.03558865890525091,0.12397770267138673,0.04868961853285972,-0.018008888538060732,0.04698881190652078,0.02120934677349508,0.08789117134649019,0.06793018827987295,0.04341282204895008,0.215740604660662,0.15109363254542932,0.05442031383924768,0.12286462868931211,-0.02205683330461446],[0.14590787108641085,0.18324172040357234,0.07951185890525063,0.1464024026713867,0.09766981853285975,0.0308452114619393,0.22079831190652086,0.0797223467734948,0.1279472713464901,0.08062268827987296,0.01644982204895007,0.05132420466066232,0.041770132545429176,0.14431431383924764,0.05611912868931193,0.13054626669538547],[0.21089777108641083,0.13219732040357235,-0.017163241094749156,0.11978350267138652,0.19893151853285965,0.1637146114619396,0.05090891190652079,0.17317744677349525,0.19145377134649008,0.06917768827987295,-0.01976897795104994,0.0893765046606624,0.1223518325454288,0.21837731383924763,0.14792642868931186,0.17596006669538547],[0.011495771086410703,0.17700322040357236,0.05823025890525091,0.1564057026713867,0.030872918532859662,0.009140011461939296,0.15741651190652087,0.12224644677349503,0.13009437134649007,0.0010860882798728252,0.03610162204895009,0.02859380466066231,0.17938543254542932,0.06267421383924764,0.21856032868931186,0.21178076669538548],[0.2125935710864108,0.03476472040357221,0.07722335890525063,-0.0022671973286135603,0.07249291853285975,0.05490971146193928,0.21990261190652086,0.11243884677349492,0.09360897134649018,0.18607958827987262,0.20131572204894999,0.07008040466066238,0.13179413254542932,0.042267713839247725,-0.0009617713106880265,0.14688596669538548],[0.14235127108641082,0.20632342040357235,0.21755985890525056,0.2006077026713867,0.17311681853285965,0.07338861146193942,0.00010241190652077401,0.007225746773495079,-0.02251042865350973,0.10671558827987299,0.0345871220489501,0.07835880466066239,0.17811073254542933,0.018907613839247623,0.16427292868931184,0.21191666669538547],[0.09563377108641077,0.06276922040357216,0.03993325890525091,0.017572802671386455,0.08510191853285974,0.22154901146193962,0.17854811190652087,0.18811574677349524,0.18500607134649008,0.14228468827987265,0.09828952204895006,0.136173104660662,0.0022952325454290738,-0.016876986160752394,0.041999228689311954,0.16502746669538548],[0.04687987108641069,0.18690302040357235,0.05448525890525092,0.2015026026713867,0.11141101853285974,0.22364611146193963,0.04538991190652078,0.16652374677349524,0.11020127134649015,0.19772278827987264,0.15173202204894998,0.168935004660662,-0.005162667454570941,-0.011652486160752361,0.15954772868931183,0.10475946669538566],[0.20118937108641083,0.12280362040357215,0.03907475890525091,0.029319302671386473,0.16418401853285966,-0.013239888538060712,0.06717741190652061,0.18549494677349523,0.010836471346490203,-0.016247911720127142,-0.009290477951049947,0.08721510466066239,0.01862883254542905,0.18555371383924762,0.11312992868931214,0.019228866695385576],[0.1537880710864108,0.03982032040357222,0.08448725890525065,0.07611960267138644,0.22120471853285964,0.07163571146193942,-0.0048371880934792305,0.10815434677349486,0.2042537713464901,0.12501878827987264,0.15417772204894997,0.07250710466066239,0.13531993254542932,0.19577861383924766,0.027449928689311953,0.21890416669538548]]],