{"trainCnt":760,"matchCnt":356,"playCnt":1,"lastPlayTrainCnt":null,"lastPlayMatchCnt":null,"model":{"wt_in_hi":[[[0.06821888627863949,0.22670093011387366,-0.022928418692345978,-0.03609128646301716,0.17233763172211672,0.10375241114889731,-0.00964141848894068,0.2320614759480215,0.24298612127579067,-0.031025574562282627,0.07182955559327249,0.17753833532160043,0.20910889715927936,-0.02901459248067623,0.1698260101889638,0.18294684777626705],[0.11367227102537632,0.022176724290469758,0.19941584995816575,-0.03033348309225518,0.1292919255702762,0.11447153927562063,0.06891395683941913,0.24697202737877855,0.2564236420605969,-0.01332815259092651,0.15934279599436177,0.04790701985091208,0.11533894188450418,-0.008261134474797057,0.08775900864179549,0.21342072825240438],[0.2857452038770399,0.16557433242511685,0.11699284299862835,0.004924556553958229,-0.0195015574078142,0.22996797578450487,0.013271759900044396,0.22810850042903694,0.24056971862573373,-0.013789787441788775,0.15505031214782003,0.16704057418613638,0.045193588737380316,0.07186463863532472,-0.023667434054535204,-0.0003576672838939621],[0.22767425386062196,0.2992081784844829,0.13174599822821853,0.02060674728763606,0.13278734952195356,0.1544350565515337,0.30586487534540363,0.1433919356874425,0.2785135324726404,0.041348746609422705,0.26793905042261057,0.21222668048549004,0.3077358841607137,0.21025534897523118,0.011819970263749044,0.2050983850911004],[0.30277119172203876,0.03759785910693909,0.0197881307099752,0.2925662247948853,0.13969252440592253,0.09395921924267975,0.22393840372710835,0.13389263163985776,0.11240903396160207,0.2785579464480687,0.13169845537489547,0.011996340072632054,0.14649036552734954,0.3027103895860479,0.0705279081137613,0.2854342456159544],[0.13372415822108516,-0.02927974328631662,0.005593509350491019,0.27719555643631755,0.13803362515560996,0.07512548107587669,0.10123795267127436,0.08955571534848907,0.26957107866688995,-0.03509065208636081,0.1810449681818359,0.0718644662390094,0.04229938875979137,0.31392751737080854,0.13436867146662426,-0.0008562288345556607],[0.3029550316608728,0.2346561919224575,-0.012247637436825116,0.04313513439799607,0.08247732395500865,0.2229429258299938,0.07236011252349366,0.05778998611479721,0.2850108651379301,-0.016575794988806788,0.15403381918233816,0.28909592641262405,-0.020624274591786673,0.1917018585252191,0.16999059319552753,0.20380015201087584],[0.1873681102827476,0.1766219393835595,0.11393362626699984,0.20380860345634583,0.13329497009703886,0.082243246778722,0.3064253100179778,-0.03566196885449652,0.006058405719679306,0.2196354648445825,0.10519587430712336,0.23464497960827313,0.12186256136377455,0.17152695409288227,0.18076834810088202,0.250921818316907],[0.1759130757670013,0.22300570236275405,0.2642436382274429,0.15469388843404824,-0.0065598995376071325,0.008843890381632354,0.1637234358879651,-0.008765450295581838,0.21260592050504118,-0.018593995209228057,-0.025161085867644043,0.09077637569056059,0.29513254450443344,0.2932541357443785,0.18261300683058304,0.1415533534047779],[0.247732146773314,0.15903929543829703,0.2589104547213777,0.21806551122428403,-0.0399180366045192,0.1347559179283595,0.20812021501453307,0.1612334707021569,0.10134098071047333,0.031012595175100674,0.2787827273751222,0.0196556137009814,0.07373797329545727,0.24631769834191328,0.10108280495737285,0.1323009138217089],[0.04528220189246187,-0.022544208306911114,-0.033272547952949455,0.038003485802120804,0.22289355162306237,0.22891600251263236,-0.004672032543280055,0.006018646132286185,0.10259881508224573,0.11527963093342974,0.2629251047990777,-0.022501153797680543,0.04190358701747416,0.13513665424157217,0.010204230971351385,0.12113929138205778],[0.21957881193472936,0.19277884385175628,-0.028634167805986557,0.04654398614802646,-0.03703970281121949,0.28523925628287455,0.17641683499866792,0.10924211627582613,0.25308855872882735,0.1230767827397443,0.31481603303497085,0.16374722159039368,0.14192606704458058,-0.0010745523688046172,0.20400921080050388,0.29396333716615486],[0.14549252832551984,0.14932462364908025,0.037255905156523085,0.3027940120937272,0.09114540792625939,0.015509079655224182,0.12557849747891361,-0.01047422637112111,0.1170434968011804,0.250026073510568,0.053487644320529756,0.257038901522081,0.12318615368281717,0.2553167387012349,0.12209018041635682,0.16715497022729242],[0.11337565038040945,-0.0018614756952585324,0.03591129588803872,0.22368668165757327,0.13371122196834792,0.2689489492624682,0.04502281010856759,0.21080330632163333,0.195478449943941,0.07266040290652051,-0.010232112761111465,0.007166509385227093,0.01464596350708738,-0.03340805561791643,0.02835783294316793,0.08345732138065391],[-0.02033127036108492,0.08074222030664234,0.13935966246479048,0.0993433125697275,0.19181389038726396,0.1323712909598314,0.257698322824904,0.18264835491132692,0.22686759281094263,0.04863645017513787,0.27087346775238597,0.0931321960781575,0.24692463477199503,0.0360917391347229,-0.02178398307047735,-0.03658652290060756],[0.08837471983036939,0.21951922725550463,0.2796334872144772,0.18393664221215256,0.08269678630421451,0.07323070554428947,0.16212530581694953,-0.020741767206419345,0.06593545934828254,0.22277973615637495,0.18556188288415693,0.032975424141577975,0.02950940913706959,0.1731742396366538,0.04409828185830546,-0.0204099038670141]]],