{"trainCnt":3934,"matchCnt":2083,"playCnt":5,"lastPlayTrainCnt":null,"lastPlayMatchCnt":null,"model":{"wt_in_hi":[[[0.03210988433815852,0.03265055003498448,0.2142574695356057,0.10517610334522816,0.049989091638411906,0.08228006743257951,0.11622051181302216,0.025194053149672064,0.0681900254115175,0.10271010475906528,0.21434877474682612,-0.010782696182205741,0.08406673137155406,0.14345552958436758,0.19415845969864887,0.060762939618933934],[0.06101148433815859,0.21117225003498477,0.2166390695356057,0.10491230334522815,0.22566639163841187,0.055676667432579756,0.03493791181302181,0.0065748531496720415,0.015150125411517576,0.08793240475906527,0.09833737474682641,0.04558480381779413,0.17760523137155482,0.1778060295843676,0.19377895969864886,-0.006065260381066106],[0.20829428433815853,0.118131350034984,0.2131639695356057,0.11388350334522813,0.13249109163841186,0.22329846743258047,-0.006917488186978148,0.013074053149672067,0.007460625411517501,0.19787590475906516,0.023771774746826138,0.02642200381779417,0.2195180313715548,-0.022143270415631994,0.03543475969864947,0.10819613961893382],[0.1057933843381587,-0.027601649965015625,0.052894169535606855,0.06459970334522809,0.015848291638411872,0.013491567432579739,-0.022194788186978065,0.17770255314967257,0.11090902541151745,0.12975260475906517,0.17040997474682615,0.11200560381779494,0.1275854313715548,0.09416872958436767,0.10974935969864917,0.04481573961893394],[-0.021364815661841743,0.1549931500349848,0.1616666695356057,0.07131770334522809,0.028081491638411893,0.14846446743258046,0.09345351181302228,0.0003048531496720472,0.08917722541151751,0.0071457047590653645,0.16013157474682613,0.13849380381779353,0.04870953137155459,0.1991456295843676,0.21146375969864886,0.05312733961893394],[0.22725878433815852,0.16345025003498478,0.009539769535606688,0.19222320334522774,0.13390619163841186,0.07005636743257952,-0.008909688186978187,0.03286755314967219,-0.013412274588482494,0.18912720475906517,0.17964067474682613,-0.01775879618220583,0.08146473137155404,0.1500117295843676,0.10786065969864915,0.16619603961893345],[0.17102138433815853,0.12284795003498408,0.03561026953560684,0.12383410334522861,0.0488388916384119,-0.018165832567420277,0.046553311813021823,0.021156453149672075,0.08773802541151751,0.06787000475906527,0.043463174746826365,0.21545330381779354,0.1509740313715548,0.05403682958436807,0.12270395969864918,-0.022326060381066073],[0.14597728433815857,0.18316725003498477,0.07953346953560664,0.14625880334522776,0.09781909163841217,0.0306882674325797,0.22036281181302173,0.07966945314967157,0.12779412541151755,0.08056250475906528,0.016500174746826163,0.05103690381779413,0.04165053137155458,0.1439308295843676,0.055958459698649404,0.13027703961893344],[0.21096718433815856,0.13212285003498478,-0.017141630464393157,0.11963990334522819,0.19908079163841186,0.16355766743258043,0.05047341181302183,0.17312455314967257,0.19130062541151754,0.06911750475906527,-0.019718625253173847,0.08908920381779499,0.12223223137155398,0.21799382958436758,0.14776575969864889,0.17569083961893345],[0.011565184338158225,0.1769287500349848,0.058251869535606834,0.15626210334522775,0.031022191638411873,0.008983067432579747,0.15698101181302174,0.1221935531496718,0.12994122541151754,0.0010259047590653362,0.036151974746826375,0.028306503817794166,0.17926583137155477,0.06229072958436772,0.21839965969864888,0.21151153961893346],[0.21266298433815853,0.034690250034984486,0.07724496953560664,-0.002410796654771871,0.07264219163841217,0.05475276743257975,0.21946711181302173,0.11238595314967169,0.0934558254115175,0.18601940475906517,0.20136607474682613,0.06979310381779498,0.13167453137155477,0.04188422958436811,-0.00112244030135083,0.14661673961893346],[0.14242068433815855,0.20624895003498478,0.2175814695356057,0.20046410334522774,0.17326609163841186,0.07323166743257951,-0.00033308818697814124,0.007172853149672076,-0.02266357458848239,0.1066554047590653,0.03463747474682639,0.07807150381779497,0.1779911313715548,0.018524129584368006,0.16411225969864887,0.21164743961893345],[0.0957031843381587,0.06269475003498404,0.039954869535606834,0.01742920334522821,0.08525119163841215,0.22139206743258044,0.17811261181302174,0.18806285314967255,0.18485292541151754,0.1422245047590652,0.09833987474682641,0.13588580381779353,0.002175631371554395,-0.017260470415632008,0.04183855969864943,0.16475823961893346],[0.04694928433815852,0.18682855003498477,0.05450686953560684,0.20135900334522774,0.11156029163841215,0.22348916743258046,0.04495441181302182,0.16647085314967255,0.11004812541151747,0.1976626047590652,0.15178237474682613,0.16864770381779354,-0.0052822686284456355,-0.012035970415632006,0.15938705969864886,0.10449023961893375],[0.20125878433815855,0.12272915003498408,0.039096369535606836,0.029175703345228225,0.16433329163841187,-0.013396832567420261,0.06674191181302228,0.18544205314967255,0.010683325411517518,-0.01630809524093457,-0.009240125253173805,0.08692780381779498,0.018509231371554365,0.18517022958436757,0.1129692596986492,0.018959639618933963],[0.15385748433815852,0.039745850034984494,0.08450886953560666,0.0759760033452281,0.22135399163841185,0.07147876743257951,-0.005272688186978139,0.10810145314967164,0.20410062541151755,0.12495860475906527,0.15422807474682612,0.07221980381779498,0.1352003313715548,0.1953951295843676,0.027289259698649166,0.21863493961893346]]],