{"trainCnt":489,"matchCnt":259,"playCnt":1,"lastPlayTrainCnt":null,"lastPlayMatchCnt":null,"model":{"wt_in_hi":[[[0.03236140423597581,0.033206200268103704,0.21454041528154855,0.10580688123692779,0.049936130768634214,0.08274688462977718,0.11712806885627058,0.025540009107438352,0.06865507069274064,0.10312230829980458,0.21444878760520986,-0.010120060168143388,0.08434439123808232,0.14416085680772614,0.19460277446978963,0.061398866072843145],[0.06126300423597588,0.2117279002681039,0.21692201528154853,0.10554308123692778,0.225613430768634,0.056143484629777106,0.035845468856270664,0.006920809107438349,0.015615170692740722,0.08834460829980458,0.09843738760520974,0.04624743983185663,0.17788289123808249,0.17851135680772615,0.19422327446978963,-0.005429333927156856],[0.2085458042359758,0.11868700026810353,0.21344691528154855,0.11451428123692778,0.13243813076863398,0.22376528462977716,-0.0060099311437293345,0.013420009107438369,0.007925670692740635,0.1982881082998044,0.02387178760520987,0.02708463983185664,0.21979569123808249,-0.021437943192273805,0.03587907446978995,0.10883206607284324],[0.10604490423597586,-0.027045999731896295,0.05317711528154871,0.06523048123692773,0.015795330768634125,0.013958384629777094,-0.021287231143729282,0.1780485091074386,0.11137407069274059,0.1301648082998044,0.17050998760520988,0.11266823983185656,0.12786309123808248,0.09487405680772631,0.11019367446979002,0.04545166607284315],[-0.02111329576402417,0.15554880026810392,0.16194961528154855,0.07194848123692774,0.02802853076863414,0.14893128462977714,0.0943610688562707,0.0006508091074383601,0.08964227069274065,0.0075579082998045105,0.16023158760520986,0.1391564398318565,0.048987191238082504,0.19985095680772616,0.21190807446978963,0.05376326607284315],[0.2275103042359758,0.1640059002681039,0.009822715281548615,0.1928539812369279,0.13385323076863398,0.07052318462977719,-0.008002131143729338,0.033213509107438345,-0.01294722930725936,0.1895394082998044,0.17974068760520986,-0.01709616016814336,0.0817423912380823,0.15071705680772615,0.10830497446979,0.16683196607284304],[0.1712729042359758,0.12340360026810361,0.03589321528154869,0.12446488123692785,0.04878593076863421,-0.017699015370222917,0.047460868856270676,0.021502409107438364,0.08820307069274065,0.06828220829980457,0.043563187605209844,0.2161159398318565,0.15125169123808246,0.054742156807726226,0.12314827446979003,-0.021690133927156883],[0.14622880423597584,0.1837229002681039,0.07981641528154862,0.1468895812369279,0.09776613076863427,0.031155084629777077,0.22127036885627055,0.0800154091074383,0.12825917069274043,0.08097470829980458,0.016600187605209895,0.05169953983185662,0.041928191238082495,0.14463615680772615,0.05640277446978989,0.13091296607284303],[0.21121870423597583,0.1326785002681039,-0.01685868471845136,0.12027068123692781,0.19902783076863398,0.16402448462977712,0.051380968856270685,0.1734705091074386,0.19176567069274042,0.06952970829980457,-0.019618612394790114,0.08975183983185661,0.12250989123808224,0.21869915680772614,0.14821007446978965,0.17632676607284303],[0.011816704235975809,0.17748440026810391,0.05853481528154869,0.1568928812369279,0.03096923076863415,0.009449884629777102,0.15788856885627056,0.12253950910743854,0.1304062706927404,0.0014381082998045033,0.036251987605209854,0.028969139831856634,0.17954349123808247,0.06299605680772631,0.21884397446978965,0.21214746607284304],[0.2129145042359758,0.03524590026810371,0.07752791528154862,-0.0017800187630722416,0.07258923076863427,0.0552195846297771,0.22037466885627055,0.11273190910743842,0.09392087069274065,0.1864316082998044,0.20146608760520987,0.0704557398318566,0.13195219123808247,0.04258955680772627,-0.0006781255302101117,0.14725266607284304],[0.14267220423597582,0.2068046002681039,0.21786441528154854,0.2010948812369279,0.17321313076863398,0.07369848462977718,0.0005744688562706773,0.0075188091074383625,-0.022198529307259286,0.1070676082998046,0.03473748760520986,0.0787341398318566,0.17826879123808248,0.019229456807726194,0.16455657446978963,0.21228336607284304],[0.09595470423597587,0.06325040026810362,0.04023781528154869,0.01805998123692776,0.08519823076863427,0.22185888462977713,0.17902016885627056,0.1884088091074386,0.18531797069274042,0.14263670829980443,0.09843988760520975,0.1365484398318565,0.002453291238082453,-0.016555143192273823,0.042282874469789906,0.16539416607284305],[0.047200804235975814,0.1873842002681039,0.0547898152815487,0.2019897812369279,0.11150733076863427,0.22395598462977714,0.045861968856270675,0.1668168091074386,0.11051317069274061,0.19807480829980442,0.15188238760520986,0.1693103398318565,-0.005004608761917549,-0.01133064319227379,0.15983137446978962,0.10512616607284317],[0.20151030423597582,0.12328480026810361,0.03937931528154869,0.02980648123692778,0.164280330768634,-0.012930015370222906,0.0676494688562707,0.1857880091074386,0.011148370692740654,-0.01589589170019549,-0.009140112394790154,0.0875904398318566,0.018786891238082443,0.18587555680772613,0.11341357446979006,0.019595566072843157],[0.1541090042359758,0.04030150026810372,0.08479181528154862,0.07660678123692774,0.22130103076863397,0.07194558462977718,-0.004365131143729329,0.10844740910743837,0.20456567069274043,0.12537080829980443,0.15432808760520986,0.0728824398318566,0.13547799123808246,0.19610045680772617,0.027733574469789888,0.21927086607284305]]],