{"trainCnt":2794,"matchCnt":1397,"playCnt":2,"lastPlayTrainCnt":null,"lastPlayMatchCnt":null,"model":{"wt_in_hi":[[[0.12285856395522864,-0.016484351547668284,0.16479802950953715,0.08927688695888623,0.11433595436049958,0.04151125998473216,0.012659052186100837,0.06361742581282674,-0.010857716962861589,0.0027608357969850653,0.1705057713887608,0.05817595016448894,0.061424890262209826,0.10312517189241502,0.1719924733794466,0.14087022716091263],[-0.026592536044771176,0.009843048452331674,0.05183682950953659,0.09110498695888623,-0.013136045639500714,0.035688759984732164,0.17474275218610036,0.11427202581282676,0.034045483037138426,0.005363835796985027,0.1933574713887608,0.030179250164488892,0.16784999026220945,-0.015092628107584754,-0.0032672266205535155,0.09346372716091256],[0.03349416395522867,0.07687174845233143,0.059358229509536585,0.15456448695888622,0.1460745543604996,0.06904145998473238,0.026570952186100786,0.1489851258128282,0.0018028830371383984,0.07690973579698505,-0.012385428611239712,0.07202495016448877,0.08502649026221001,0.05667527189241517,0.029593073379446545,0.1301122271609126],[0.21110956395522898,0.07308074845233144,0.15726632950953714,0.08024468695888623,0.022783154360499235,-0.0032081400152678416,0.11313905218610078,0.1536476258128282,0.13332798303713855,0.15760283579698525,0.1809087713887608,0.036635350164488975,0.19858889026220947,0.04440947189241519,0.1840284733794466,0.19621092716091262],[0.15295456395522897,0.02540074845233166,0.023711629509536772,0.14221178695888623,0.09443065436049955,0.12457425998473197,0.15891455218610034,0.1250806258128282,-0.025314016962861518,0.09125263579698505,0.020683871388760343,0.19586425016448855,0.16024559026220944,0.05182477189241518,0.0022869733794464893,-0.023916772839087528],[0.03755186395522868,0.12345974845233151,0.0353951295095366,0.2104675869588862,0.1746003543604996,0.16491125998473205,0.04644265218610097,0.1921812258128282,0.03716578303713839,-0.014305364203014943,0.06816067138876021,0.06380715016448878,0.005781390262209773,0.21141807189241543,0.1965162733794466,0.20425672716091262],[0.10062206395522885,0.21349124845233208,0.16474302950953715,0.1934991869588862,0.11656215436049959,-0.021279340015267788,0.13480335218610034,0.13653752581282824,0.13326438303713856,-0.01023666420301494,0.05013157138876031,0.12075405016448867,0.05732249026220962,0.21492367189241543,0.0477020733794462,0.06925002716091255],[0.205032863955229,0.1988088484523321,-0.007654970490463231,0.10891428695888623,-0.004227045639500737,0.17778145998473205,0.027601152186100788,-0.0004052741871728724,0.17128298303713857,0.002519235796985062,0.04133497138876027,0.21969105016448853,0.18927189026220945,0.012960271892415245,0.1207339733794469,0.13986112716091262],[0.190002463955229,0.02774104845233164,0.06924002950953667,0.17616728695888625,0.10234195436049955,0.17502885998473205,0.20021605218610034,0.14250792581282823,0.16770408303713857,0.06689533579698505,0.2212873713887608,0.051507650164488994,0.011189490262209788,0.11942557189241497,-0.006274626620553523,0.18079222716091262],[0.20475976395522896,0.17299394845233212,0.11670522950953667,-0.025162113041113866,0.04377745436049916,0.18449935998473205,0.13007425218610036,0.017007625812827165,0.15224058303713855,0.14556703579698527,-0.018139828611239663,0.03919775016448897,0.0222946902622097,0.014537571892415242,0.1651221733794466,0.2187648271609126],[-0.0021388360447711858,0.09289784845233143,0.0415524295095366,0.05084148695888614,0.18166695436049957,0.029888759984732192,0.21603135218610034,0.05682932581282707,0.1055477830371384,-0.0037931642030149407,-0.019010328611239666,-0.0140585498355111,0.18898939026220948,0.18094687189241543,0.06273717337944672,0.19668552716091262],[0.16872656395522898,0.16008694845233212,0.12274052950953675,0.08124858695888623,0.2219581543604996,0.05152625998473213,0.029448452186100853,0.18125582581282823,0.02441608303713847,0.019423135796985107,-0.007364228611239704,-0.0006230498355111376,0.21093959026220946,0.017972671892415224,0.1417884733794466,-0.008064672839087485],[0.03439036395522866,-0.01766005154766833,0.04340092950953659,0.13751508695888623,0.21390385436049958,0.12685635998473205,-0.0003077478138991558,0.07183922581282674,0.0795974830371383,0.19763933579698525,0.1751784713887608,0.22600515016448855,0.01150749026220979,0.08421847189241502,0.04270567337944623,0.14750002716091262],[0.194121963955229,0.17759044845233207,0.07896862950953668,0.00602578695888616,0.035908254360499166,0.204022459984732,0.01699135218610079,0.18519542581282822,0.16216888303713856,0.08246943579698505,-0.012112628611239712,0.09943285016448877,0.10364679026221002,0.08218827189241502,0.05901687337944616,0.21319582716091262],[0.04642436395522866,0.1722136484523321,0.18349782950953714,0.15614218695888624,0.18994715436049958,0.0024697599847321545,0.17856995218610033,0.041778425812827036,-0.031032816962861528,0.0499884357969852,0.0924820713887602,0.17325635016448854,0.20772199026220947,0.18183497189241543,0.2071487733794466,0.11766452716091251],[0.06316136395522881,0.010621848452331674,0.15059962950953715,-0.013374313041113852,0.07281935436049955,0.044897559984732126,0.08056625218610075,0.1365454258128282,-0.004066616962861599,0.09191003579698505,0.03958037138876028,0.04718715016448899,0.07852839026221001,0.01725987189241522,0.2158929733794466,0.17401462716091262]]],