{"trainCnt":1101,"matchCnt":541,"playCnt":1,"lastPlayTrainCnt":null,"lastPlayMatchCnt":null,"model":{"wt_in_hi":[[[0.06741907051176008,-0.00015204722621854128,0.08734878814382636,0.13973402606891866,0.016286415708165997,0.1318267701514374,0.038209908198422474,0.02320733992690981,0.15533919216733783,0.007937961253810938,0.10111954729938949,0.11500846134917901,0.085114943431172,0.005256661771914301,0.06699001763350187,0.13528210694038675],[-0.011861618203900543,0.042772445946927494,0.09711912019095102,0.10596864991805702,0.11997490332781251,0.08326076202071805,0.04152196424468081,0.03850464005417038,0.1300334701853797,-0.00788450088641617,0.011328477929395984,0.07456041230260305,0.06037738192718551,0.07145820400300494,0.1074363147971666,0.019248828762314003],[0.08241298735815261,0.12519903569632385,0.07084315996336786,0.10474511810383151,0.0319566180368935,0.0834668074070292,0.01616563748081861,-0.003969075533566317,0.15519829981539962,0.1538963148274949,0.11896292757423513,0.1381555847446489,0.14296986293331618,0.06187209309992798,0.05102198917639177,0.1267844872122336],[0.13878861722002392,0.1478554213786496,0.02330992004613739,0.11407439335933979,0.00847079437684222,0.09635604282106507,0.00917125414557568,0.1389593942522572,0.0017706210807662427,0.11415803636240247,0.03561210103682812,-0.01845038482330983,0.1153518077961511,0.1109894610362117,0.030035670870177292,0.04025616078105305],[0.031998260095314236,0.03016513541338942,0.07652444544595752,0.07305763571033373,0.009676535287731762,0.020606047536823924,0.09616631385784435,0.0496936465527089,0.04051395917185614,0.07889590621450433,0.0022163050780121766,0.13001170572729195,0.07720469267338735,0.018183927766561775,0.08636632343943405,0.14674595956660802],[0.052110774286805994,0.11451716479893181,0.08337563413047884,0.030111655992170524,0.08840361304299835,0.0940545564960722,0.05286712187434123,0.11090959019309392,0.11872341163118735,0.12412073861453378,0.09330147917423365,0.13645394184915155,0.034986713336054506,0.11290894647861184,0.0010356607133930075,0.14037974161777922],[0.02046113915710548,0.0897795990981845,0.027068208243796986,0.09293253915280467,-0.007922432832105947,0.01052834169402256,0.1435899703783783,0.09403665042735605,0.06329668345683746,0.15701653227354403,0.0842210343873138,0.08617771221721782,0.029440825701882358,0.10991486223775375,0.124396037068247,0.1551666941108683],[0.021134946354002093,0.14623386740175084,0.0646884436861086,0.11559907135706031,0.14176126692849733,0.0543058208070691,0.1135529114570873,0.01934547019872496,0.02015206091596871,-0.004052077294104566,0.06450843047261387,0.14173586982968914,0.002300261471801345,0.013836641964531151,0.12667921146448605,0.15436602124355936],[-0.0024719012329243416,0.11194686228836974,0.08469360449354678,0.08631043638018808,0.046961606057504664,0.0903760444664598,0.12291601933056258,0.02050173758120508,0.12529752060009025,0.06210434591034455,0.04185270070259177,0.04439959491493192,0.14329781142583767,0.01589698741766001,0.1244045266356794,0.054648527706283694],[0.009480300155210787,0.13513467254686004,0.027105765346056868,0.00344693537496948,0.1400593476841987,0.12560884687294396,0.0732847681968052,0.13386133772877354,0.01975625361322276,0.03971160057558878,0.1407131843099024,0.02921578178400193,-0.017608178279091814,0.08731823985636748,-0.0019721992370158293,0.06888991355648484],[0.11058138729953262,0.01969237455661198,0.07579861563424478,0.08863358216419308,0.15701022365032147,0.019531491539835587,0.032984601446789295,0.06889356052054053,0.062332849239058186,0.01580853116942558,0.09123784506886959,0.039746656818553674,0.006157992389678229,0.02798987721637706,0.12664660379827855,-0.0003246819742665222],[0.1461767467145024,0.07672518676271003,0.051644406596168875,0.058990555028384586,0.10191159975276426,0.037370464947641846,0.143640468054935,0.15647570907973804,0.04071777428399838,0.003964688508752939,0.09344130683757479,0.00007696284338144647,0.14990720250967812,0.026326396644735576,-0.012070767648697836,0.01643240958868353],[0.08271390726800623,0.1287449541328397,0.06986436356401508,0.11445301165179911,0.10116291988012716,0.005967701721307427,0.10043649362665447,0.12891135481002866,0.08494289823432612,0.15609437070507118,0.060861101020814726,0.08246120599530207,0.05544884026168312,0.03141864500120864,0.08882762703908201,0.1477075177813893],[0.15689128338357208,0.15758582090433393,0.12983676894202167,0.08796038039079097,0.12939699101532032,0.009704975481251774,0.15431154439548558,0.10502330118909672,0.02291393887272512,0.09614714734244957,0.09000560389623113,0.054288909300387114,0.037093920859823375,0.06323199903691616,0.034878116172137485,0.14796163398818532],[0.01666376683897967,0.02468060308577182,0.0015563930635969672,0.05399148662837183,0.0037775690591715337,0.05517507576525459,0.09303569121448911,0.015487495290361012,0.02619920608937369,0.157940934332647,0.023011163674733867,0.13588602556825266,0.07027452677762898,0.0908200134244548,-0.013892305966795975,0.04092471700040385],[-0.004499455108820917,0.03427946697950354,0.02901081631323986,0.15212379158002376,0.06875282165173204,0.026783369439155456,0.013313506629456658,0.11384894089147898,0.12998420945349953,0.04742669824835701,0.03323145354316125,0.10709244789947647,0.062471146611530824,0.053864511838922685,0.04564028949392331,0.15358606600306632]]],