{"trainCnt":3125,"matchCnt":1541,"playCnt":5,"lastPlayTrainCnt":null,"lastPlayMatchCnt":null,"model":{"wt_in_hi":[[[0.06756134227501118,0.22602408488024361,-0.023738028371344772,-0.03621124216500813,0.1714839878903215,0.10301878287749647,-0.00953992666088367,0.2315928384329185,0.24293132606964216,-0.031742162551321645,0.07086269993987213,0.17686086820575558,0.20867470205716987,-0.02895726380201304,0.1693149384447558,0.18225296790683937],[0.113014727021748,0.021499879056839803,0.19860624027916748,-0.030453438794246102,0.12843828173848096,0.11373791100421979,0.06901544866747615,0.24650338986367554,0.256368846854448,-0.01404474057996557,0.1583759403409621,0.04722955273506673,0.11490474678239458,-0.008203805796133827,0.08724793689758747,0.2127268483829767],[0.285087659873412,0.1648974871914868,0.11618323331962922,0.004804600851967221,-0.020355201239608583,0.2292343475131038,0.013373251728101406,0.22763986291393395,0.24051492341958522,-0.014506375430827835,0.15408345649442037,0.16636310707029153,0.04475939363527075,0.07192196731398784,-0.024178505798743605,-0.0010515471533217862],[0.2270167098569939,0.2985313332508537,0.13093638854922027,0.020486791585645137,0.13193370569015833,0.1537014282801326,0.30596636717345993,0.1429232981723395,0.27845873726649145,0.04063215862038364,0.2669721947692084,0.2115492133696452,0.30730168905860383,0.21031267765389527,0.011308898519540679,0.20440450522167272],[0.30211364771841087,0.03692101387330892,0.01897852103097641,0.2924462690928952,0.1388388805741273,0.09322559097127892,0.22403989555516535,0.13342399412475475,0.11235423875545356,0.2778413584590304,0.1307315997214958,0.011318872956786723,0.14605617042524005,0.30276771826471094,0.07001683636955329,0.28474036574652745],[0.1330666142174571,-0.02995658851994657,0.004783899671492265,0.2770756007343274,0.13717998132381473,0.07439185280447586,0.10133944449933137,0.08908707783338579,0.269516283460741,-0.03580724007539987,0.18007811252843625,0.07118699912316388,0.04186519365768181,0.3139848460494716,0.1338575997224163,-0.0015501087039834882],[0.3022974876572449,0.23397934668882747,-0.013057247115823857,0.0430151786960051,0.08162368012321407,0.22220929755859273,0.07246160435155068,0.05732134859969383,0.2849560699317812,-0.01729238297784579,0.1530669635289385,0.288418459296779,-0.02105846969389627,0.19175918720388319,0.16947952145131956,0.20310627214144816],[0.18671056627911956,0.17594509414992945,0.11312401658800071,0.2036886477543542,0.13244132626524363,0.08150961850732116,0.3065268018460341,-0.03613060636959989,0.006003610513530763,0.21891887685554337,0.104229018653723,0.23396751249242828,0.12142836626166495,0.17158428277154636,0.18025727635667405,0.2502279384474801],[0.17525553176337325,0.222328857129124,0.26343402854844417,0.1545739327320566,-0.007413543369401575,0.008110262110231612,0.16382492771602208,-0.00923408781068499,0.21255112529889267,-0.019310583198267058,-0.026127941521044577,0.09009890857471507,0.2946983494023236,0.2933114644230415,0.18210193508637507,0.14085947353535022],[0.24707460276968596,0.158362450204667,0.25810084504237896,0.2179455555222924,-0.04077168043631358,0.13402228965695842,0.20822170684259006,0.16076483318705392,0.10128618550432482,0.03029600718606167,0.27781587172172006,0.018978146585136024,0.07330377819334767,0.24637502702057737,0.10057173321316483,0.1316070339522812],[0.044624657888833866,-0.02322105354054107,-0.03408215763194808,0.037883530100129834,0.22203990779126714,0.22818237424123128,-0.004570540715223019,0.005550008617183081,0.10254401987609722,0.11456304294439074,0.26195824914567556,-0.02317862091352592,0.0414693919153646,0.13519398292023627,0.00969315922714302,0.12044541151263007],[0.2189212679311013,0.19210199861812624,-0.02944377748498535,0.04642403044603549,-0.037893346643013866,0.28450562801147283,0.17651832682672491,0.10877347876072285,0.2530337635226784,0.1223601947507053,0.3138491773815687,0.16306975447454883,0.1414918719424711,-0.0010172236901414217,0.2034981390562959,0.29326945729672793],[0.1448349843218918,0.1486477784154502,0.036446295477524454,0.30267405639173706,0.09029176409446481,0.014775451383823423,0.1256799893069706,-0.010942863886224261,0.11698870159503189,0.2493094855215284,0.0525207886671293,0.25636143440623593,0.12275195858070757,0.25537406737989793,0.1215791086721488,0.16646109035786474],[0.11271810637678113,-0.0025383209288885548,0.0351016862090401,0.22356672595558164,0.1328575781365527,0.2682153209910665,0.045124301936624624,0.21033466880653034,0.1954236547377925,0.0719438149174815,-0.011198968414511975,0.0064890422693817335,0.014211768404977827,-0.033350726939253346,0.027846761198959527,0.0827634415112262],[-0.020988814364712883,0.0800653750730125,0.13855005278579222,0.09922335686773638,0.19096024655546873,0.13163766268843033,0.2577998146529603,0.1821797173962239,0.22681279760479411,0.047919862186098804,0.2699066120989838,0.09245472896231198,0.24649043966988554,0.036149067813385984,-0.02229505481468575,-0.03728040277003537],[0.08771717582674107,0.2188423820218746,0.2788238775354785,0.18381668651016092,0.08184314247241993,0.07249707727288862,0.16222679764500653,-0.021210404721522375,0.06588066414213403,0.22206314816733583,0.18459502723075727,0.03229795702573263,0.029075214034959992,0.17323156831531789,0.04358721011409702,-0.021103783736441912]]],