{"trainCnt":2500,"matchCnt":1239,"playCnt":4,"lastPlayTrainCnt":null,"lastPlayMatchCnt":null,"model":{"wt_in_hi":[[[0.06785952691348328,0.22629039349218538,-0.02343137758682102,-0.036158832560580674,0.17170811149152881,0.10331254540192673,-0.009466078272259754,0.23177263227370365,0.24301753427654382,-0.031536525028643035,0.0712191693776662,0.17712161555098974,0.2088421058920205,-0.028981042223430523,0.16941185838827377,0.18248896559924682],[0.1133129116602201,0.021766187668781578,0.19891289106369128,-0.03040102918981865,0.12866240533968828,0.11403167352865005,0.06908929705610012,0.24668318370446068,0.25645505506134925,-0.013839103057286981,0.15873240977875577,0.047490300080300904,0.1150721506172451,-0.00822758421755131,0.08734485684110548,0.21296284607538415],[0.2853858445118843,0.16516379580342858,0.11648988410415302,0.004857010456394711,-0.020131077638401416,0.22952811003753454,0.013447100116725322,0.22781965675471907,0.24060113162648689,-0.014300737908149246,0.15443992593221403,0.16662385441552569,0.044926797470121245,0.07189818889257028,-0.024081585855225563,-0.0008155494609139924],[0.22731489449546594,0.2987976418627949,0.13124303933374407,0.02053920119007259,0.13215782929136566,0.15399519080456336,0.306040215562084,0.14310309201312463,0.2785449454733927,0.040837796143062245,0.26732866420700296,0.21180996071487934,0.3074690928934543,0.21028889923247762,0.01140581846305868,0.20464050291408017],[0.3024118323568832,0.03718732248525075,0.019285171815500164,0.29249867869732205,0.13906300417533463,0.09351935349570918,0.22411374394378905,0.1336037879655399,0.1124404469623553,0.27804699598170873,0.13108806915928947,0.01157962030202091,0.1462235742600907,0.30274393984329384,0.07011375631307129,0.2849763634389351],[0.13336479885592914,-0.0296902799080048,0.005090550456016024,0.2771280103387543,0.13740410492502206,0.07468561532890612,0.10141329288795535,0.0892668716741707,0.2696024916676423,-0.03560160255272127,0.1804345819662299,0.07144774646839798,0.042032597492532305,0.3139610676280545,0.13395451966593425,-0.0013141110115756935],[0.3025956722957172,0.23424565530076924,-0.012750596331300098,0.04306758830043256,0.08184780372442134,0.22250306008302348,0.07253545274017464,0.05750114244047858,0.28504227813868244,-0.01708674545516721,0.15342343296673217,0.28867920664201313,-0.02089106585904578,0.19173540878246553,0.16957644139483752,0.20334226983385562],[0.1870087509175916,0.17621140276187122,0.11343066737252451,0.20374105735878206,0.13266544986645096,0.08180338103175143,0.30660065023465816,-0.035950812528815136,0.006089818720432419,0.21912451437822186,0.10458548809151708,0.23422825983766243,0.12159577009651547,0.1715605043501287,0.180354196300192,0.25046393613988777],[0.17555371640184528,0.22259516574106578,0.26374067933296824,0.15462634233648448,-0.0071894197681943925,0.008404024634661984,0.1638987761046458,-0.009054293969900182,0.21263733350579433,-0.01910494567558848,-0.02577147208325063,0.09035965591994917,0.29486575323717407,0.2932876860016244,0.18219885502989303,0.14109547122775767],[0.247372787408158,0.15862875881660876,0.25840749582690303,0.21799796512672026,-0.04054755683510645,0.13431605218138917,0.20829555523121376,0.16094462702783904,0.10137239371122657,0.03050164470874025,0.2781723411595146,0.01923889393037025,0.07347118202819819,0.24635124859915972,0.10066865315668283,0.13184303164468866],[0.04492284252730601,-0.022954744928599294,-0.033775506847424384,0.03793593970455729,0.22226403139247447,0.22847613676566203,-0.004496692326599126,0.005729802457967852,0.10263022808299897,0.11476868046706935,0.2623147185834701,-0.022917873568291693,0.041636795750215096,0.1351702044988186,0.00979007917066102,0.12068140920503787],[0.21921945256957334,0.192368307230068,-0.029137126700461598,0.04647644005046295,-0.03766922304180673,0.28479939053590264,0.17659217521534862,0.10895327260150776,0.2531199717295797,0.12256583227338391,0.31420564681936325,0.16333050181978298,0.14165927577732174,-0.0010410021115589,0.20359505899981387,0.2935054549891356],[0.14513316896036382,0.14891408702739198,0.03675294626204815,0.30272646599616393,0.09051588769567208,0.015069213908253795,0.1257538376955943,-0.010763070045439454,0.11707490980193364,0.24951512304420684,0.05287725810492334,0.25662218175147006,0.12291936241555809,0.25535028895848083,0.1216760286156668,0.1666970880502722],[0.11301629101525323,-0.0022720123169467817,0.03540833699356379,0.2236191355600095,0.13308170173776002,0.2685090835154963,0.04519815032524852,0.21051446264731546,0.19550986294469416,0.07214945244016012,-0.010842498976717994,0.006749789614615923,0.014379172239828293,-0.03337450536067082,0.02794368114247757,0.08299943920363399],[-0.020690629726240865,0.08033168368495426,0.13885670357031601,0.09927576647216399,0.19118437015667605,0.13193142521286108,0.2578736630415844,0.18235951123700905,0.22689900581169578,0.04812549970877741,0.27026308153677836,0.09271547630754608,0.24665784350473619,0.03612528939196851,-0.02219813487116771,-0.0370444050776276],[0.08801536046521317,0.21910869063381636,0.27913052832000257,0.1838690961145888,0.0820672660736272,0.07279083979731889,0.16230064603363023,-0.02103061088073763,0.06596687234903578,0.22226878569001432,0.18495149666855093,0.03255870437096681,0.029242617869810483,0.17320778989390023,0.043684130057614956,-0.020867786044034102]]],