{"trainCnt":1666,"matchCnt":787,"playCnt":2,"lastPlayTrainCnt":null,"lastPlayMatchCnt":null,"model":{"wt_in_hi":[[[0.06798272692691085,0.22646805794717623,-0.023274735868414574,-0.03619186244022331,0.17191458344816468,0.10348778693018638,-0.00956379812996348,0.231832280053933,0.2429500786590805,-0.03133244334325564,0.07144623345845615,0.17723426741972895,0.2089047684409351,-0.029019950236342008,0.16951102750834893,0.1825938499802269],[0.11343611167364767,0.021943852123772582,0.19906953278209757,-0.03043405906946135,0.12886887729632415,0.1142069150569097,0.06899157719839626,0.24674283148469003,0.2563875994438866,-0.013635021371899538,0.15895947385954537,0.04760295194904027,0.11513481316615996,-0.00826649223046287,0.08744402596118028,0.21306773045636423],[0.28550904452531206,0.16534146025841942,0.1166465258225596,0.004823980576752051,-0.019924605681765933,0.22970335156579416,0.013349380259021597,0.22787930453494842,0.24053367600902356,-0.014096656222761803,0.15466699001300363,0.1667365062842649,0.044989460019035955,0.07185928087965879,-0.02398241673515052,-0.0007106650799339889],[0.22743809450889288,0.29897530631778524,0.13139968105215036,0.02050617131042989,0.13236430124800153,0.154170432332823,0.3059424957043806,0.14316273979335398,0.27847748985593007,0.041041877828449674,0.2675557282877943,0.21192261258361855,0.3075317554423686,0.21024999121956559,0.011504987583133727,0.20474538729506025],[0.30253503237031093,0.03736498694024187,0.01944181353390661,0.2924656488176794,0.1392694761319705,0.09369459502396882,0.22401602408608526,0.13366343574576925,0.11237299134489206,0.27825107766709595,0.13131513324007907,0.011692272170760284,0.1462862368090053,0.30270503183038266,0.0702129254331461,0.2850812478199151],[0.13348799886935608,-0.029512615453013796,0.005247192174422452,0.27709498045911163,0.13761057688165793,0.07486085685716576,0.10131557303025149,0.08932651945440075,0.26953503605017964,-0.03539752086733384,0.1806616460470195,0.07156039833713755,0.042095260041447015,0.3139221596151433,0.1340536887860094,-0.0012092266305956882],[0.30271887230914496,0.23442331975576008,-0.012593954612893678,0.043034558420789924,0.082054275681057,0.2226783016112831,0.07243773288247078,0.05756079022070848,0.2849748225212198,-0.016882663769779833,0.15365049704752176,0.28879185851075195,-0.020828403310131083,0.1916965007695535,0.16967561051491267,0.2034471542148357],[0.18713195093101853,0.17638906721686207,0.1135873090909311,0.20370802747913946,0.13287192182308682,0.08197862256001107,0.30650293037695475,-0.035891164748585246,0.006022363102969193,0.2193285960636096,0.10481255217230702,0.23434091170640164,0.12165843264543033,0.17152159633721667,0.18045336542026716,0.25056882052086776],[0.17567691641527222,0.22277283019605662,0.26389732105137476,0.15459331245684188,-0.006982947811558859,0.008579266162921617,0.163801056246942,-0.008994646189670335,0.212569877888331,-0.018900863990201102,-0.025544408002460404,0.09047230778868874,0.29492841578608836,0.29324877798871324,0.18229802414996818,0.14120035560873775],[0.24749598742158493,0.1588064232715996,0.25856413754530955,0.21796493524707766,-0.04034108487847098,0.1344912937096488,0.20819783537350997,0.1610042748080684,0.10130493809376333,0.03070572639412762,0.27839940524030593,0.01935154579910963,0.07353384457711305,0.24631234058624768,0.10076782227675764,0.13194791602566874],[0.045046042540733355,-0.02277708047360829,-0.03361886512901798,0.037902909824914656,0.22247050334911034,0.22865137829392165,-0.004594412184302874,0.005789450238197707,0.10256277246553573,0.11497276215245668,0.2625417826642614,-0.022805221699552312,0.041699458299129806,0.13513129648590658,0.009889248290736067,0.1207862935860178],[0.21934265258300029,0.19254597168505885,-0.028980484982055153,0.046443410170820314,-0.03746275108517127,0.2849746320641633,0.17649445535764482,0.10901292038173781,0.25305251611211704,0.12276991395877124,0.31443271090015457,0.1634431536885222,0.14172193832623634,-0.0010799101244704343,0.20369422811988902,0.2936103393701156],[0.14525636897379077,0.14909175148238282,0.03690958798045455,0.3026934361165213,0.09072235965230774,0.015244455436513439,0.12565611783789052,-0.010703422265209607,0.1170074541844704,0.24971920472959466,0.053104322185713454,0.2567348336202089,0.12298202496447296,0.25531138094556965,0.12177519773574161,0.16680197243125228],[0.1131394910286808,-0.0020943478619557506,0.035564978711970195,0.2235861056803669,0.13328817369439588,0.26868432504375694,0.04510043046754474,0.21057411042754481,0.19544240732723084,0.07235353412554744,-0.010615434895927868,0.006862441483355311,0.014441834788742999,-0.033413413373582286,0.028042850262552613,0.08310432358461393],[-0.020567429712813473,0.08050934813994526,0.1390133452887223,0.09924273659252136,0.19139084211331192,0.1321066667411207,0.257775943183881,0.1824191590172384,0.22683155019423246,0.048329581394164836,0.2704901456175697,0.09282812817628565,0.24672050605365078,0.03608638137905704,-0.022098965751092665,-0.036939520696647576],[0.08813856047864074,0.2192863550888072,0.2792871700384091,0.1838360662349462,0.08227373803026286,0.07296608132557854,0.16220292617592644,-0.02097096310050777,0.06589941673157254,0.22247286737540206,0.18517856074934053,0.03267135623970616,0.02930528041872518,0.1731688818809882,0.04378329917769003,-0.02076290166305412]]],